anger,anticipation,disgust,fear,joy,sadness,surprise,trust,positive,negative
0.0,0.0,0.0,0.0,0.0,0.0,0.0,0.0,0.0,0.0
0.0,0.0,0.0,0.0,0.0,0.0,0.0,0.0,0.0,0.0
0.08333333333333333,0.0,0.08333333333333333,0.041666666666666664,0.0,0.041666666666666664,0.0,0.041666666666666664,0.08333333333333333,0.08333333333333333
0.0,0.0,0.0,0.0,0.0,0.0,0.0,0.0,0.0,0.0
0.0,0.1,0.0,0.0,0.0,0.0,0.0,0.0,0.1,0.0
0.09090909090909091,0.0,0.0,0.09090909090909091,0.09090909090909091,0.0,0.0,0.0,0.09090909090909091,0.09090909090909091
0.0,0.0,0.0,0.0,0.0,0.0,0.0,0.0,0.0,0.0
0.0,0.047619047619047616,0.0,0.0,0.047619047619047616,0.0,0.0,0.0,0.047619047619047616,0.0
0.0,0.14285714285714285,0.0,0.0,0.0,0.0,0.0,0.0,0.0,0.0
0.0,0.0,0.0,0.0,0.0,0.0,0.0,0.0,0.0,0.0
0.0,0.5,0.0,0.0,0.5,0.0,0.0,0.0,0.5,0.0
0.0,0.0,0.0,0.0,0.0,0.0,0.0,0.0,0.0,0.058823529411764705
0.0,0.0,0.0,0.0,0.0,0.0,0.0,0.0,0.0,0.0
0.0,0.0,0.0,0.0,0.0,0.0,0.0,0.1111111111111111,0.1111111111111111,0.0
0.0,0.2,0.0,0.0,0.0,0.0,0.0,0.1,0.1,0.0
0.0,0.0,0.0,0.0,0.0,0.0,0.0,0.0,0.0,0.0
0.0,0.015625,0.0,0.0,0.09375,0.0,0.0,0.0625,0.09375,0.0
0.0,0.14285714285714285,0.0,0.0,0.14285714285714285,0.0,0.0,0.0,0.14285714285714285,0.0
0.022727272727272728,0.06818181818181818,0.0,0.0,0.045454545454545456,0.0,0.0,0.06818181818181818,0.06818181818181818,0.022727272727272728
0.0,0.10256410256410256,0.0,0.0,0.05128205128205128,0.0,0.0,0.02564102564102564,0.07692307692307693,0.0
0.0,1.0,0.0,0.0,1.0,0.0,0.0,0.0,1.0,0.0
0.0,0.05263157894736842,0.0,0.0,0.0,0.0,0.0,0.0,0.0,0.0
0.0,0.0,0.0,0.0,0.0,0.0,0.0,0.0,0.0,0.0
0.0,0.2,0.0,0.0,0.0,0.0,0.0,0.0,0.0,0.0
0.0,0.0,0.0,0.0,0.0,0.0,0.0,0.0,0.09090909090909091,0.0
0.0,0.0,0.0,0.0,0.0,0.0,0.0,0.0,0.0,0.0
0.0,0.0,0.0,0.0,0.0,0.0,0.0,0.0,0.0,0.0
0.0,0.0,0.0,0.0,0.0,0.0,0.0,0.0,0.0,0.0
0.0,0.058823529411764705,0.0,0.0,0.058823529411764705,0.0,0.0,0.0,0.058823529411764705,0.0
0.0,0.2,0.0,0.0,0.2,0.0,0.2,0.2,0.2,0.0
0.0,0.0,0.0,0.0,0.0,0.0,0.0,0.0,0.0,0.0
0.0,0.0,0.0,0.0,0.0,0.0,0.0,0.0,0.0,0.0
0.1,0.0,0.1,0.0,0.0,0.0,0.0,0.0,0.0,0.1
0.0,0.0,0.0,0.0,0.0,0.0,0.0,0.0,0.0,0.0
0.0,0.011764705882352941,0.0,0.0,0.047058823529411764,0.0,0.0,0.011764705882352941,0.058823529411764705,0.0
0.0,0.0,0.0,0.0,0.0,0.0,0.0,0.0,0.0,0.0
0.0,0.029411764705882353,0.0,0.0,0.029411764705882353,0.0,0.029411764705882353,0.029411764705882353,0.029411764705882353,0.029411764705882353
0.0,0.0,0.0,0.0,0.0,0.0,0.0,0.0,0.0,0.0
0.0,0.0,0.0,0.0,0.0,0.0,0.0,0.0,0.0,0.0
0.0,0.14285714285714285,0.0,0.0,0.14285714285714285,0.0,0.14285714285714285,0.14285714285714285,0.14285714285714285,0.0
0.0,0.3333333333333333,0.0,0.0,0.3333333333333333,0.0,0.0,0.0,0.3333333333333333,0.0
0.0,0.02702702702702703,0.0,0.0,0.0,0.0,0.0,0.02702702702702703,0.08108108108108109,0.0
0.0,0.0,0.0,0.0,0.0,0.0,0.0,0.0,0.09090909090909091,0.0
0.0,0.0,0.0,0.0,0.0,0.0,0.0,0.0,0.0,0.0
0.0,0.0,0.0,0.125,0.0,0.125,0.0,0.0,0.0,0.125
0.0,0.08695652173913043,0.0,0.0,0.043478260869565216,0.0,0.0,0.0,0.043478260869565216,0.0
0.0,0.0,0.0,0.0,0.0,0.09090909090909091,0.0,0.0,0.0,0.09090909090909091
0.0,0.0,0.0,0.0,0.0,0.0,0.0,0.0,0.0,0.0
0.0,0.14285714285714285,0.0,0.0,0.0,0.0,0.0,0.0,0.14285714285714285,0.0
0.0,0.047619047619047616,0.047619047619047616,0.0,0.0,0.047619047619047616,0.0,0.0,0.0,0.047619047619047616
0.0,0.0,0.0,0.0,0.0,0.0,0.0,0.0,0.0,0.0
0.0,0.0,0.0,0.0,0.0,0.0,0.0,0.0,0.0,0.0
0.0,0.0,0.0,0.0,0.02702702702702703,0.0,0.0,0.02702702702702703,0.02702702702702703,0.0
0.0,0.3333333333333333,0.0,0.0,0.3333333333333333,0.0,0.0,0.0,0.3333333333333333,0.0
0.021645021645021644,0.030303030303030304,0.017316017316017316,0.012987012987012988,0.04329004329004329,0.012987012987012988,0.008658008658008658,0.025974025974025976,0.047619047619047616,0.03463203463203463
0.0,0.25,0.0,0.0,0.25,0.0,0.0,0.0,0.25,0.0
0.0,0.0625,0.0,0.0,0.0,0.0,0.0625,0.0,0.0,0.0
0.5,0.0,0.0,0.5,0.0,0.0,0.5,0.0,0.0,0.5
0.1,0.0,0.06666666666666667,0.13333333333333333,0.0,0.1,0.0,0.03333333333333333,0.0,0.13333333333333333
0.14285714285714285,0.0,0.0,0.14285714285714285,0.0,0.0,0.0,0.0,0.0,0.14285714285714285
0.0,0.0,0.0,0.0,0.0,0.0,0.0,0.0,0.0,0.0
0.0,1.0,0.0,0.0,1.0,0.0,1.0,1.0,1.0,0.0
0.0,0.0,0.0,0.0,0.0,0.0,0.0,0.0,0.0,0.0
0.0,0.0,0.0,0.0,0.0,0.0,0.0,0.0,0.0,0.0
0.0,0.0,0.0,0.0,0.0,0.0,0.0,0.0,0.0,0.0
0.0,0.05,0.0,0.0,0.0,0.0,0.0,0.0,0.0,0.0
0.0,0.0,0.0,0.0,0.06451612903225806,0.0,0.0,0.03225806451612903,0.12903225806451613,0.0
0.0,0.0,0.0,0.0,0.0,0.0,0.0,0.0,0.09090909090909091,0.0
0.0,0.0,0.0,0.0,0.0,0.0,0.0,0.0,0.0,0.0
0.002331002331002331,0.009324009324009324,0.0,0.004662004662004662,0.016317016317016316,0.002331002331002331,0.002331002331002331,0.018648018648018648,0.030303030303030304,0.013986013986013986
0.0,0.0,0.3333333333333333,0.0,0.0,0.0,0.0,0.0,0.0,0.3333333333333333
0.0,0.0,0.0,0.0,0.0,0.0,0.0,0.0,0.0,0.0
0.0,0.0,0.0,0.0,0.0,0.0,0.0,0.0,0.0,0.0
0.0,0.0,0.0,0.0,0.0,0.0,0.0,0.0,0.0,0.0
0.0,0.0,0.0,0.0,0.0,0.0,0.0,0.0,0.0,0.0
0.0,0.016129032258064516,0.0,0.0,0.03225806451612903,0.0,0.0,0.016129032258064516,0.04838709677419355,0.0
0.0,0.0,0.0,0.0,0.0,0.0,0.0,0.0,0.0,0.08333333333333333
0.0,0.07692307692307693,0.0,0.0,0.038461538461538464,0.0,0.0,0.0,0.11538461538461539,0.038461538461538464
0.0,0.0,0.0,0.0,0.0,0.0,0.0,0.0,0.0,0.0
0.0,0.0,0.0,0.0,0.0,0.0,0.0,0.0,0.0,0.0
0.0,0.0,0.0,0.0,0.125,0.0,0.0,0.0,0.125,0.0
0.0,0.0,0.0,0.0,0.1,0.0,0.0,0.1,0.1,0.0
0.0,0.0,0.0,0.0,0.0,0.0,0.0,0.0,0.0,0.0
0.0,0.0,0.0,0.25,0.0,0.0,0.0,0.0,0.0,0.25
0.0,0.0,0.0,0.0,0.0,0.0,0.0,0.0,0.0,0.0
0.0,0.06976744186046512,0.0,0.0,0.023255813953488372,0.0,0.023255813953488372,0.023255813953488372,0.023255813953488372,0.0
0.0,0.0,0.0,0.0,0.0,0.0,0.0,0.0,0.0,0.0
0.0,0.0,0.0,0.045454545454545456,0.045454545454545456,0.0,0.0,0.0,0.045454545454545456,0.09090909090909091
0.0,0.014285714285714285,0.0,0.0,0.014285714285714285,0.0,0.0,0.02857142857142857,0.02857142857142857,0.04285714285714286
0.022222222222222223,0.022222222222222223,0.0,0.011111111111111112,0.011111111111111112,0.0,0.011111111111111112,0.022222222222222223,0.022222222222222223,0.03333333333333333
0.0,0.2,0.0,0.0,0.2,0.0,0.0,0.0,0.2,0.0
0.0,0.0,0.0,0.0,0.0,0.0,0.0,0.0,0.0,0.0
0.005952380952380952,0.02976190476190476,0.005952380952380952,0.0,0.017857142857142856,0.0,0.005952380952380952,0.041666666666666664,0.07142857142857142,0.005952380952380952
0.029069767441860465,0.01744186046511628,0.005813953488372093,0.023255813953488372,0.011627906976744186,0.011627906976744186,0.011627906976744186,0.01744186046511628,0.03488372093023256,0.029069767441860465
0.09090909090909091,0.09090909090909091,0.0,0.0,0.09090909090909091,0.0,0.09090909090909091,0.09090909090909091,0.09090909090909091,0.0
0.0,0.05263157894736842,0.0,0.0,0.10526315789473684,0.0,0.0,0.0,0.10526315789473684,0.0
0.0,0.08108108108108109,0.0,0.0,0.05405405405405406,0.0,0.02702702702702703,0.08108108108108109,0.10810810810810811,0.0
0.0,0.0,0.0,0.0,0.0,0.0,0.0,0.0,0.0,0.0
0.0,0.0,0.0,0.0,0.0,0.0,0.0,0.0,0.5,0.0
0.09090909090909091,0.09090909090909091,0.0,0.0,0.09090909090909091,0.09090909090909091,0.09090909090909091,0.09090909090909091,0.09090909090909091,0.09090909090909091
0.0,0.0,0.0,0.0,0.0,0.0,0.0,0.0,0.0,0.0
0.0,0.0,0.0,0.0,0.0,0.0,0.0,0.0,0.0,0.0
0.0,0.0,0.0,0.0,0.0,0.0,0.0,0.0,0.0,0.0
0.0,0.0,0.0,0.0,0.0,0.0,0.0,0.0,0.0,0.0
0.0,0.0,0.0,0.0,0.0,0.0,0.0,0.0,0.0,0.0
0.0,0.009009009009009009,0.0,0.0,0.009009009009009009,0.0,0.0,0.0,0.018018018018018018,0.0
0.0,0.0,0.0,0.0,0.0,0.0,0.0,0.043478260869565216,0.08695652173913043,0.0
0.0,1.0,0.0,0.0,1.0,0.0,1.0,1.0,1.0,0.0
0.0,0.02830188679245283,0.0,0.0,0.018867924528301886,0.0,0.0,0.03773584905660377,0.05660377358490566,0.009433962264150943
0.0,0.0,0.0,0.0,0.0,0.0,0.0,0.0,0.1111111111111111,0.0
0.019417475728155338,0.02912621359223301,0.0,0.019417475728155338,0.05825242718446602,0.009708737864077669,0.019417475728155338,0.05825242718446602,0.08737864077669903,0.06796116504854369
0.0,0.0,0.0,0.0,0.0,0.0,0.0,0.0,0.0,0.0
0.0,0.0,0.0,0.0,0.0,0.0,0.0,0.0,0.0,0.1111111111111111
0.0,0.0,0.0,0.0,0.0,0.0,0.0,0.0,0.0,0.0
1.0,1.0,0.0,1.0,0.0,0.0,1.0,0.0,0.0,1.0
0.0,0.0,0.0,0.0,0.0,0.0,0.0,0.0,0.0,0.0
0.0,0.0,0.0,0.0,0.0,0.0,0.0,0.0,0.0,0.0
0.0,0.07142857142857142,0.0,0.0,0.07142857142857142,0.0,0.07142857142857142,0.07142857142857142,0.07142857142857142,0.0
0.0,0.0,0.0,0.0,0.0,0.0,0.0,0.0,0.0,0.0
0.05263157894736842,0.0,0.05263157894736842,0.10526315789473684,0.05263157894736842,0.05263157894736842,0.0,0.0,0.05263157894736842,0.10526315789473684
0.0,0.06666666666666667,0.0,0.0,0.03333333333333333,0.0,0.0,0.0,0.03333333333333333,0.0
0.0,0.0,0.0,0.0,0.0,0.0,0.0,0.0,0.0,0.0
0.0,0.0,0.0,0.0,0.0,0.0,0.0,0.0,0.0,0.0
0.25,0.0,0.25,0.25,0.0,0.25,0.0,0.0,0.0,0.25
0.019230769230769232,0.038461538461538464,0.019230769230769232,0.0,0.038461538461538464,0.0,0.019230769230769232,0.0,0.038461538461538464,0.038461538461538464
0.0,0.0,0.0,0.034482758620689655,0.0,0.034482758620689655,0.0,0.0,0.0,0.034482758620689655
0.0,0.0,0.0,0.0,0.0,0.0,0.0,0.0,0.0,0.0
0.0,0.022222222222222223,0.0,0.022222222222222223,0.022222222222222223,0.022222222222222223,0.0,0.044444444444444446,0.044444444444444446,0.044444444444444446
0.015384615384615385,0.015384615384615385,0.0,0.0,0.03076923076923077,0.015384615384615385,0.0,0.015384615384615385,0.06153846153846154,0.046153846153846156
0.0,0.02631578947368421,0.0,0.0,0.02631578947368421,0.0,0.02631578947368421,0.02631578947368421,0.06578947368421052,0.0
0.0,0.13333333333333333,0.0,0.0,0.13333333333333333,0.0,0.13333333333333333,0.13333333333333333,0.13333333333333333,0.0
0.008064516129032258,0.03225806451612903,0.008064516129032258,0.016129032258064516,0.016129032258064516,0.008064516129032258,0.016129032258064516,0.008064516129032258,0.016129032258064516,0.016129032258064516
0.0,0.0,0.14285714285714285,0.0,0.0,0.0,0.0,0.14285714285714285,0.0,0.14285714285714285
0.0,0.0,0.0,0.0,0.0,0.0,0.0,0.0,0.0,0.0
0.0,0.2857142857142857,0.0,0.0,0.2857142857142857,0.0,0.14285714285714285,0.2857142857142857,0.2857142857142857,0.0
0.0,0.0,0.0,0.0,0.0,0.0,0.0,0.0,0.0,0.0
0.02857142857142857,0.05714285714285714,0.014285714285714285,0.014285714285714285,0.04285714285714286,0.02857142857142857,0.02857142857142857,0.05714285714285714,0.05714285714285714,0.02857142857142857
0.0,0.0,0.0,0.0,0.0,0.0,0.0,0.0,0.0,0.0
0.0,0.0,0.0,0.0,0.0,0.0,0.0,0.0,0.0,0.0
0.0,1.0,0.0,0.0,1.0,0.0,1.0,1.0,1.0,0.0
0.0,0.0,0.0,0.0,0.0,0.0,0.0,0.0,0.0,0.0
0.0,0.06666666666666667,0.0,0.0,0.0,0.0,0.0,0.0,0.0,0.03333333333333333
0.0,0.0,0.0,0.0,0.0,0.0,0.0,0.0,0.0,0.0
0.0,0.0,0.0,0.0,0.0,0.0,0.0,0.0,0.0,0.0
0.0,0.2,0.0,0.0,0.0,0.0,0.0,0.0,0.0,0.0
0.0,1.0,0.0,0.0,1.0,0.0,0.0,0.0,1.0,0.0
0.0,0.0,0.0,0.0,0.0,0.0,0.0,0.0,0.0,0.0
0.0,0.0,0.0,0.0,0.0,0.0,0.0,0.0,0.0,0.0
0.0,0.0,0.0,0.0,0.0,0.0,0.0,0.0,0.0,0.0
0.003115264797507788,0.021806853582554516,0.0,0.0,0.024922118380062305,0.0,0.009345794392523364,0.028037383177570093,0.03115264797507788,0.006230529595015576
0.3333333333333333,0.0,0.0,0.3333333333333333,0.0,0.0,0.0,0.0,0.0,0.3333333333333333
0.0,0.0,0.0,0.0,0.0,0.0,0.0,0.0,0.0,0.0
0.0,0.0,0.0,0.0,0.0,0.0,0.0,0.0,0.0,0.0
0.0,0.0,0.0,0.0,0.0,0.0,0.0,0.0,0.0,0.0
0.025974025974025976,0.06493506493506493,0.012987012987012988,0.012987012987012988,0.1038961038961039,0.025974025974025976,0.03896103896103896,0.07792207792207792,0.1038961038961039,0.0
0.0,0.0,0.0,0.08333333333333333,0.0,0.08333333333333333,0.0,0.0,0.0,0.08333333333333333
0.0,0.0,0.0,0.0,0.0,0.0,0.0,0.0,0.0,0.0
0.0,0.0,0.0,0.0,0.0,0.0,0.0,0.0,0.0,0.0
0.0,0.0,0.0,0.0,0.0,0.0,0.0,0.0,0.0,0.0
0.0,0.017241379310344827,0.0,0.0,0.017241379310344827,0.0,0.017241379310344827,0.034482758620689655,0.06896551724137931,0.0
0.0,0.023809523809523808,0.0,0.0,0.023809523809523808,0.0,0.023809523809523808,0.09523809523809523,0.023809523809523808,0.023809523809523808
0.0,0.0,0.0,0.0,0.0,0.0,0.0,0.0,0.0,0.0
0.0,0.0,0.0,0.0,0.0,0.0,0.0,0.0,0.0,0.0
0.0,0.058823529411764705,0.0,0.0,0.058823529411764705,0.0,0.058823529411764705,0.058823529411764705,0.058823529411764705,0.0
0.02631578947368421,0.0,0.02631578947368421,0.02631578947368421,0.02631578947368421,0.02631578947368421,0.0,0.05263157894736842,0.05263157894736842,0.02631578947368421
0.0,0.0,0.0,0.0,0.0,0.0,0.0,0.0,0.0,0.0
0.0,0.2,0.0,0.0,0.2,0.0,0.0,0.2,0.2,0.0
0.0,0.05405405405405406,0.0,0.0,0.02702702702702703,0.0,0.0,0.02702702702702703,0.08108108108108109,0.0
0.0,0.0625,0.0,0.0,0.0625,0.0,0.0,0.0,0.0625,0.0
0.009615384615384616,0.019230769230769232,0.009615384615384616,0.019230769230769232,0.009615384615384616,0.028846153846153848,0.019230769230769232,0.009615384615384616,0.009615384615384616,0.04807692307692308
0.0,0.0,0.0,0.0,0.0,0.0,0.0,0.0,0.1111111111111111,0.0
0.0,0.0,0.0,0.0,0.0,0.0,0.0,0.0,0.0,0.0
0.0,0.0,0.0,0.0,0.0,0.0,0.0,0.0,0.0,0.25
1.0,0.0,1.0,1.0,0.0,1.0,0.0,0.0,0.0,1.0
0.0,0.015267175572519083,0.0,0.0,0.015267175572519083,0.0,0.0,0.022900763358778626,0.03816793893129771,0.007633587786259542
0.018518518518518517,0.009259259259259259,0.009259259259259259,0.009259259259259259,0.027777777777777776,0.009259259259259259,0.009259259259259259,0.037037037037037035,0.027777777777777776,0.027777777777777776
0.0,0.0,0.0,0.0,0.0,0.0,0.0,0.0,0.0,0.0
0.0,0.0,0.0,0.0,0.0,0.0,0.0,0.0,0.0,0.0
0.0,0.5,0.0,0.0,0.5,0.0,0.5,0.5,0.5,0.0
0.011627906976744186,0.011627906976744186,0.011627906976744186,0.011627906976744186,0.0,0.011627906976744186,0.011627906976744186,0.03488372093023256,0.03488372093023256,0.046511627906976744
0.0,0.0,0.0,0.0,0.0,0.0,0.0,0.0,0.0,0.0
0.02912621359223301,0.019417475728155338,0.019417475728155338,0.02912621359223301,0.02912621359223301,0.038834951456310676,0.009708737864077669,0.009708737864077669,0.04854368932038835,0.05825242718446602
0.0,0.0,0.0,0.0,0.14285714285714285,0.0,0.0,0.0,0.14285714285714285,0.0
0.0,0.0,0.0,0.0,0.0625,0.0,0.0,0.0625,0.0625,0.0
0.0,0.125,0.0,0.0,0.125,0.0,0.125,0.125,0.125,0.0
0.0,0.0,1.0,0.0,0.0,1.0,0.0,0.0,0.0,1.0
0.0,0.0,0.0,0.0,0.0,0.0,0.0,0.0,0.0,0.0
0.0,0.07692307692307693,0.0,0.0,0.07692307692307693,0.0,0.0,0.0,0.07692307692307693,0.0
0.0,0.0,0.0,0.0,0.0,0.0,0.0,0.0,0.0,0.0
0.0,0.5,0.0,0.0,0.3333333333333333,0.0,0.3333333333333333,0.3333333333333333,0.3333333333333333,0.0
0.0,0.0,0.0,0.0,0.0,0.0,0.0,0.0,0.0,0.0
0.0,0.0,0.0,0.0,0.0,0.0,0.0,0.0,0.0,0.0
0.0,0.0,0.0,0.0,0.0,0.0,0.0,0.0,0.0,0.0
0.0,0.125,0.0,0.0,0.125,0.0,0.125,0.125,0.125,0.0
0.0,0.0,0.0,0.0,0.024390243902439025,0.0,0.0,0.0,0.04878048780487805,0.0
0.0,0.0,0.0,0.0,0.0,0.0,0.0,0.0,0.25,0.0
0.0,0.01282051282051282,0.0,0.0,0.01282051282051282,0.0,0.0,0.0,0.02564102564102564,0.01282051282051282
0.0,0.0,0.0,0.0,0.0,0.0,0.0,0.0,0.0,0.0
0.0,0.0,0.0,0.0,0.0,0.0,0.0,0.0,0.0,0.0
0.0,0.0,0.0,0.0,0.0,0.0,0.0,0.0,0.0,0.0
0.0,0.02564102564102564,0.0,0.0,0.02564102564102564,0.0,0.02564102564102564,0.02564102564102564,0.02564102564102564,0.0
0.0,0.0,0.0,0.0,0.0,0.0,0.0,0.0,0.0,0.0
0.0,0.015384615384615385,0.0,0.0,0.015384615384615385,0.0,0.0,0.0,0.015384615384615385,0.015384615384615385
0.0,0.0,0.0,0.0,0.0,0.0,0.0,0.0,0.0,0.0
0.0,0.14285714285714285,0.0,0.0,0.2857142857142857,0.0,0.0,0.14285714285714285,0.2857142857142857,0.0
0.008333333333333333,0.016666666666666666,0.008333333333333333,0.025,0.0,0.025,0.008333333333333333,0.016666666666666666,0.016666666666666666,0.041666666666666664
0.0,0.0,0.0,0.0,0.05263157894736842,0.0,0.05263157894736842,0.0,0.05263157894736842,0.0
0.0,0.0,0.0,0.0,0.0,0.0,0.0,0.043478260869565216,0.043478260869565216,0.0
0.0,0.075,0.0,0.0,0.05,0.0,0.0,0.025,0.075,0.0
0.0,0.0,0.0,0.0,0.0,0.0,0.0,0.0,0.0,0.0
0.0,0.16666666666666666,0.0,0.0,0.16666666666666666,0.0,0.16666666666666666,0.16666666666666666,0.16666666666666666,0.0
0.022222222222222223,0.06666666666666667,0.022222222222222223,0.022222222222222223,0.06666666666666667,0.022222222222222223,0.044444444444444446,0.06666666666666667,0.08888888888888889,0.022222222222222223
0.0,0.0,0.0,0.0,0.0,0.0,0.0,0.0,0.08333333333333333,0.0
0.0,0.2,0.0,0.0,0.0,0.0,0.0,0.0,0.0,0.0
0.0,0.0,0.0,0.0,0.0,0.0,0.0,0.0,0.0,0.0
0.0,0.07407407407407407,0.0,0.0,0.037037037037037035,0.037037037037037035,0.0,0.037037037037037035,0.037037037037037035,0.037037037037037035
0.008968609865470852,0.026905829596412557,0.006726457399103139,0.01569506726457399,0.020179372197309416,0.011210762331838564,0.006726457399103139,0.026905829596412557,0.03587443946188341,0.026905829596412557
0.0,0.25,0.0,0.0,0.25,0.0,0.25,0.25,0.25,0.0
0.0,0.0,0.0,0.0,0.0,0.0,0.0,0.0,0.0,0.0
0.0,0.024390243902439025,0.0,0.0,0.0,0.0,0.024390243902439025,0.024390243902439025,0.024390243902439025,0.024390243902439025
0.0,0.0,0.0,0.0,0.08333333333333333,0.0,0.0,0.0,0.08333333333333333,0.0
0.0,0.0,0.0,0.0,0.0,0.0,0.0,0.0,0.0,0.0
0.0,0.046875,0.0,0.0,0.015625,0.0,0.015625,0.03125,0.046875,0.015625
0.0,0.08333333333333333,0.041666666666666664,0.0,0.125,0.041666666666666664,0.041666666666666664,0.125,0.125,0.041666666666666664
0.0,0.0,0.0,0.0,0.0,0.0,0.0,0.0,0.0,0.0
0.0,0.16666666666666666,0.0,0.0,0.16666666666666666,0.0,0.16666666666666666,0.16666666666666666,0.16666666666666666,0.0
0.0,0.0,0.0,0.0,0.0,0.0,0.0,0.0,0.0,0.0
0.0,0.0,0.0,0.0,0.0,0.0,0.0,0.0,0.0,0.0
0.5,0.0,0.0,0.5,0.0,0.0,0.0,0.0,0.0,0.5
0.0,0.05555555555555555,0.0,0.0,0.1111111111111111,0.0,0.0,0.05555555555555555,0.1111111111111111,0.05555555555555555
0.0,0.0,0.0,0.0,0.0,0.0,0.0,0.0,0.0,0.0
0.0,0.0,0.0,0.125,0.0,0.0,0.0,0.0,0.0,0.125
0.0,0.0,0.0,0.0,0.0,0.0,0.0,0.0,0.0,0.0
0.0,0.029411764705882353,0.0,0.014705882352941176,0.014705882352941176,0.0,0.007352941176470588,0.022058823529411766,0.03676470588235294,0.007352941176470588
0.0,0.0,0.0,0.0,0.0,0.0,0.0,0.0,0.0,0.0
0.0,0.0,0.0,0.0,0.0,0.0,0.0,0.0,0.0,0.0
0.0,0.0,0.0,0.0,0.0,0.0,0.0,0.0,0.0,0.0
0.0,0.0,0.0,0.0,0.0,0.0,0.0,0.14285714285714285,0.14285714285714285,0.0
0.0,0.0,0.0,0.0,0.0,0.0,0.0,0.0,0.0,0.0
0.045454545454545456,0.045454545454545456,0.0,0.09090909090909091,0.09090909090909091,0.09090909090909091,0.0,0.09090909090909091,0.09090909090909091,0.09090909090909091
0.0,0.16666666666666666,0.0,0.0,0.0,0.0,0.0,0.0,0.0,0.0
0.0,0.0,0.0,0.0,0.2,0.0,0.0,0.0,0.2,0.0
0.0,0.0,0.0,0.0,0.0,0.0,0.0,0.0,0.0,0.0
0.0,0.0,0.0,0.0,0.0,0.0,0.0,0.0,0.0,0.0
0.0,0.0,0.0,0.0,0.25,0.0,0.0,0.0,0.25,0.0
0.0,0.0,0.0,0.1,0.0,0.0,0.0,0.0,0.0,0.0
0.0029940119760479044,0.02694610778443114,0.0029940119760479044,0.0,0.02694610778443114,0.0029940119760479044,0.005988023952095809,0.03592814371257485,0.05089820359281437,0.020958083832335328
0.007518796992481203,0.007518796992481203,0.007518796992481203,0.015037593984962405,0.007518796992481203,0.022556390977443608,0.0,0.03007518796992481,0.03759398496240601,0.03759398496240601
0.0,0.01098901098901099,0.0,0.01098901098901099,0.0,0.0,0.0,0.01098901098901099,0.03296703296703297,0.01098901098901099
0.0,0.0,0.0,0.0,0.0,0.0,0.0,0.0,0.0,0.0
0.0,0.058823529411764705,0.0,0.0,0.0,0.0,0.0,0.0,0.0,0.0
0.0,0.0,0.0,0.0,0.0,0.0,0.0,0.037037037037037035,0.0,0.0
0.0,0.0,0.0,0.0,0.0,0.0,0.0,0.0,0.0,0.0
0.0,0.16666666666666666,0.0,0.0,0.16666666666666666,0.0,0.16666666666666666,0.16666666666666666,0.16666666666666666,0.0
0.02127659574468085,0.0425531914893617,0.010638297872340425,0.02127659574468085,0.0425531914893617,0.02127659574468085,0.02127659574468085,0.0425531914893617,0.05319148936170213,0.02127659574468085
0.0,0.0,0.0,0.0,0.2,0.0,0.0,0.0,0.2,0.0
0.024,0.052,0.024,0.024,0.036,0.016,0.032,0.036,0.056,0.036
0.0,1.0,0.0,0.0,1.0,0.0,1.0,1.0,1.0,0.0
0.0,0.0,0.0,0.0,0.0,0.0,0.0,0.0,0.0,0.0
0.0,0.0,0.0,0.0,0.0,0.0,0.0,0.0,0.0,0.0
0.0,0.0,0.0,0.0,0.0,0.0,0.0,0.0,0.0,0.0
0.0,0.0,0.0,0.0,0.0,0.0,0.0,0.0,0.0,0.0
0.0,0.0,0.0,0.0,0.0,0.0,0.0,0.0,0.058823529411764705,0.0
0.11764705882352941,0.0,0.11764705882352941,0.0,0.0,0.0,0.0,0.0,0.0,0.11764705882352941
0.0,1.0,0.0,0.0,1.0,0.0,0.0,0.0,1.0,0.0
0.03409090909090909,0.017045454545454544,0.005681818181818182,0.056818181818181816,0.0,0.03409090909090909,0.017045454545454544,0.028409090909090908,0.05113636363636364,0.0625
0.0,0.1111111111111111,0.0,0.0,0.0,0.0,0.0,0.0,0.0,0.0
0.0,0.061224489795918366,0.0,0.02040816326530612,0.04081632653061224,0.0,0.0,0.08163265306122448,0.04081632653061224,0.0
0.0,0.0,0.0,0.0,0.0,0.0,0.0,0.0,0.0,0.0
0.0,0.0,0.0,0.0,0.0,0.0,0.0,0.0,0.0,0.0
0.03225806451612903,0.03225806451612903,0.0,0.0,0.03225806451612903,0.0,0.03225806451612903,0.03225806451612903,0.03225806451612903,0.0
0.0,0.0,0.0,0.0,0.0,0.0,0.0,0.09090909090909091,0.09090909090909091,0.0
0.0,0.0,0.0,0.0,0.0,0.0,0.0,0.0,0.0,0.0
0.0,0.0,0.0,0.0,0.0,0.0,0.0,0.0,0.0,0.0
0.0,1.0,0.0,0.0,1.0,0.0,1.0,1.0,1.0,0.0
0.0,0.3333333333333333,0.0,0.0,0.3333333333333333,0.0,0.0,0.0,0.3333333333333333,0.0
0.0,0.05,0.0,0.0,0.1,0.0,0.05,0.15,0.1,0.0
0.0,0.0,0.0,0.0,0.0,0.0,0.0,0.0,0.0,0.0
0.0,1.0,0.0,0.0,1.0,0.0,1.0,1.0,1.0,0.0
0.0,0.0,0.0,0.0,0.0,0.0,0.0,0.0,0.0,0.0
0.0,0.0,0.0,0.0,0.0,0.0,0.0,0.0,0.0,0.0
0.0,0.0,0.0,0.0,0.0,0.0,0.0,0.0,0.0,0.0
0.010775862068965518,0.032327586206896554,0.00646551724137931,0.008620689655172414,0.01293103448275862,0.004310344827586207,0.004310344827586207,0.01293103448275862,0.023706896551724137,0.01939655172413793
0.0,0.0,0.0,0.0,0.0,0.0,0.0,0.0,0.0,0.0
0.0,0.0,0.0,0.0,0.0,0.0,0.0,0.0,0.0,0.0
0.0,0.0,0.0,0.0,0.0,0.0,0.0,0.0,0.0,0.0
0.0,0.0,0.0,0.0,0.0,0.0,0.0,0.0,0.0,0.0
0.0,0.14285714285714285,0.0,0.0,0.14285714285714285,0.0,0.0,0.0,0.14285714285714285,0.0
0.0,0.25,0.0,0.0,0.25,0.0,0.0,0.0,0.25,0.0
0.0,0.0380952380952381,0.009523809523809525,0.009523809523809525,0.01904761904761905,0.0,0.009523809523809525,0.01904761904761905,0.02857142857142857,0.009523809523809525
0.1,0.1,0.0,0.1,0.1,0.1,0.0,0.0,0.1,0.1
0.0,0.0,0.0,0.0,0.0,0.0,0.0,0.0,0.0,0.2
0.0,0.02702702702702703,0.0,0.0,0.0,0.0,0.0,0.05405405405405406,0.05405405405405406,0.02702702702702703
0.0,1.0,0.0,0.0,0.0,0.0,0.0,0.0,0.0,0.0
0.043478260869565216,0.0,0.0,0.043478260869565216,0.0,0.0,0.0,0.0,0.0,0.043478260869565216
0.0,0.0,0.0,0.0,0.3333333333333333,0.0,0.0,0.0,0.3333333333333333,0.0
0.0,0.0,0.0,0.0,0.0,0.0,0.0,0.0,0.0,0.0
0.0,0.0,0.0,0.05,0.0,0.025,0.0,0.0,0.0,0.025
0.0,0.047619047619047616,0.0,0.0,0.047619047619047616,0.0,0.023809523809523808,0.07142857142857142,0.047619047619047616,0.0
0.0,0.02,0.0,0.02,0.0,0.02,0.0,0.06,0.02,0.02
0.0,0.014705882352941176,0.0,0.0,0.029411764705882353,0.0,0.0,0.014705882352941176,0.04411764705882353,0.0
0.0,0.0,0.0,0.0,0.0,0.0,0.0,0.0,0.0,0.0
0.0,0.0,0.010526315789473684,0.031578947368421054,0.0,0.0,0.0,0.010526315789473684,0.021052631578947368,0.021052631578947368
0.0,0.0,0.0,0.0,0.0,0.0,0.0,0.0,0.0,0.0
0.0,0.0,0.0,0.0,0.0,0.0,0.0,0.0,0.0,0.0
0.0,0.5,0.0,0.0,0.5,0.0,0.5,0.5,0.5,0.0
0.0,0.0,0.0,0.0,0.0,0.0,0.0,0.0,0.022727272727272728,0.0
0.07692307692307693,0.0,0.07692307692307693,0.07692307692307693,0.0,0.0,0.0,0.0,0.0,0.23076923076923078
0.0,0.0,0.0,0.09090909090909091,0.0,0.09090909090909091,0.0,0.0,0.0,0.09090909090909091
0.0,0.0,0.0,0.0,0.0,0.0,0.0,0.0,0.0,0.0
0.0,0.0,0.0,0.0,0.0,0.0,0.0,0.0,0.0,0.0
0.0,0.0,0.0,0.0,0.0,0.0,0.0,0.0,0.0,0.0
0.0,0.0,0.0,0.0,0.0,0.0,0.0,0.0,0.0,0.0
0.0,0.05,0.0,0.0,0.05,0.0,0.05,0.05,0.05,0.0
0.0,0.0,0.0,0.0,0.0,0.0,0.0,0.0,0.0,0.0
0.0,0.1,0.0,0.0,0.1,0.0,0.1,0.1,0.2,0.0
0.0,0.0,0.0,0.05555555555555555,0.0,0.0,0.0,0.0,0.0,0.05555555555555555
0.0,0.0,0.0,0.0,0.0,0.0,0.0,0.058823529411764705,0.058823529411764705,0.0
0.0,0.0,0.0,0.0,0.0,0.0,0.0,0.0,0.0,0.0
0.0,0.058823529411764705,0.0,0.0,0.058823529411764705,0.0,0.0,0.058823529411764705,0.058823529411764705,0.0
0.0,0.0,0.0,0.0,0.0,0.0,0.0,0.0,0.0,0.0
0.2,0.0,0.2,0.2,0.2,0.2,0.0,0.0,0.2,0.2
0.0,0.0,0.0,0.0,0.0,0.0,0.0,0.0,0.0,0.0
0.0,0.0,0.0,0.0,0.0,0.0,0.0,0.0,0.0,0.0
0.0,0.0,0.0,0.0,0.0,0.0,0.0,0.0,0.0,0.0
0.0,0.0,0.0,0.0,0.125,0.0,0.0,0.0,0.125,0.0
0.0,0.0,0.0,0.0,0.0,0.0,0.0,0.0,0.0,0.0
0.0,0.0,0.0,0.0,0.0,0.0,0.0,0.0,0.0,0.0
0.125,0.125,0.0,0.0,0.125,0.0,0.125,0.125,0.125,0.0
0.0,0.0,0.0,0.0,0.0,0.0,0.0,0.0,0.0,0.0
0.0,0.0,0.0,0.0,0.0,0.0,0.0,0.0,0.0,0.0
0.0,0.07692307692307693,0.0,0.0,0.15384615384615385,0.07692307692307693,0.0,0.07692307692307693,0.15384615384615385,0.07692307692307693
0.05263157894736842,0.0,0.0,0.05263157894736842,0.05263157894736842,0.0,0.0,0.05263157894736842,0.05263157894736842,0.05263157894736842
0.0,0.037037037037037035,0.1111111111111111,0.0,0.037037037037037035,0.0,0.0,0.0,0.037037037037037035,0.1111111111111111
0.0,0.0,0.0,0.0,0.0,0.0,0.0,0.0,0.0,0.0
0.0,0.009523809523809525,0.0,0.01904761904761905,0.009523809523809525,0.009523809523809525,0.0,0.009523809523809525,0.01904761904761905,0.01904761904761905
0.0,0.0,0.0,0.0,0.0,0.0,0.0,0.0,0.0,0.0
0.0,0.0,0.0,0.0,0.0,0.0,0.0,0.0,0.16666666666666666,0.0
0.0,0.0,0.0,0.0,0.0,0.0,0.0,0.0,0.0,0.0
0.0,0.5,0.0,0.0,0.5,0.0,0.0,0.5,0.5,0.0
0.0,0.0,0.0,0.0,0.14285714285714285,0.0,0.0,0.0,0.14285714285714285,0.0
0.0,0.0,0.0,0.0,0.0,0.0,0.037037037037037035,0.037037037037037035,0.0,0.0
0.0,0.041666666666666664,0.0,0.0,0.041666666666666664,0.0,0.0,0.020833333333333332,0.041666666666666664,0.0
0.0,0.0,0.0,0.0,0.0,0.0,0.0,0.0,0.0,0.0
0.0,0.0,0.0,0.0,0.0,0.0,0.0,0.0,0.0,0.0
0.0,0.0,0.0,0.08333333333333333,0.08333333333333333,0.08333333333333333,0.0,0.08333333333333333,0.08333333333333333,0.08333333333333333
0.0,0.0,0.0,0.0,0.0,0.0,0.0,0.0,0.0,0.0
0.0,0.0,0.0,0.0,0.0,0.0,0.25,0.0,0.0,0.0
0.0,0.016129032258064516,0.0,0.016129032258064516,0.0,0.016129032258064516,0.0,0.0,0.0,0.016129032258064516
0.0,0.0,0.0,0.0,0.0,0.0,0.0,0.0,0.0,0.0
0.0,0.16666666666666666,0.0,0.0,0.16666666666666666,0.0,0.0,0.0,0.16666666666666666,0.0
0.0,0.5,0.0,0.0,0.5,0.0,0.0,0.0,0.5,0.0
0.021739130434782608,0.043478260869565216,0.0,0.043478260869565216,0.10869565217391304,0.021739130434782608,0.021739130434782608,0.021739130434782608,0.10869565217391304,0.021739130434782608
0.0,0.058823529411764705,0.0,0.0,0.058823529411764705,0.0,0.0,0.058823529411764705,0.058823529411764705,0.058823529411764705
0.0,0.0,0.0,0.0,0.0,0.0,0.0,0.0,0.0,0.0
0.007246376811594203,0.014492753623188406,0.0,0.0,0.036231884057971016,0.0,0.021739130434782608,0.036231884057971016,0.036231884057971016,0.028985507246376812
0.0,0.3333333333333333,0.0,0.0,0.3333333333333333,0.0,0.3333333333333333,0.3333333333333333,0.3333333333333333,0.0
0.0,0.0,0.0,0.0,0.0,0.0,0.0,0.0,0.0,0.0
0.0,0.0,0.0,0.0,0.0,0.0,0.0,0.0,0.0,0.0
0.0,0.0,0.0,0.0,0.0,0.0,0.0,0.0,0.0,0.0
0.0,0.0,0.0,0.0,0.16666666666666666,0.0,0.16666666666666666,0.3333333333333333,0.3333333333333333,0.0
0.0,0.0,0.0,0.0,0.0,0.0,0.0,0.0,0.0,0.0
0.02564102564102564,0.02564102564102564,0.0,0.0,0.05128205128205128,0.0,0.02564102564102564,0.02564102564102564,0.07692307692307693,0.05128205128205128
0.0,0.0,0.0,0.0,0.0,0.0,0.0,0.0,0.0,0.0
0.0,0.10344827586206896,0.0,0.0,0.034482758620689655,0.0,0.0,0.034482758620689655,0.034482758620689655,0.034482758620689655
0.0,0.0,0.0,0.0,0.0,0.0,0.0,0.0,0.0,0.0
0.009623797025371828,0.021872265966754154,0.004374453193350831,0.011373578302712161,0.020122484689413824,0.0026246719160104987,0.008748906386701663,0.03762029746281715,0.04461942257217848,0.024496937882764653
0.0,0.2,0.0,0.0,0.2,0.0,0.2,0.2,0.2,0.0
0.0,0.0,0.0,0.0,0.0,0.0,0.0,0.0,0.0,0.07692307692307693
0.0,0.06451612903225806,0.0,0.0,0.0967741935483871,0.0,0.03225806451612903,0.03225806451612903,0.12903225806451613,0.0
0.0,0.05714285714285714,0.0,0.02857142857142857,0.05714285714285714,0.0,0.02857142857142857,0.02857142857142857,0.08571428571428572,0.02857142857142857
0.0,0.14285714285714285,0.0,0.0,0.0,0.0,0.14285714285714285,0.14285714285714285,0.14285714285714285,0.0
0.0,1.0,0.0,0.0,1.0,0.0,1.0,1.0,1.0,0.0
0.0,0.043478260869565216,0.0,0.0,0.021739130434782608,0.0,0.0,0.021739130434782608,0.06521739130434782,0.0
0.0,0.07142857142857142,0.0,0.0,0.14285714285714285,0.0,0.07142857142857142,0.14285714285714285,0.14285714285714285,0.0
0.0,0.0,0.0,0.0,0.0,0.0,0.0,0.0,0.0,0.0
0.0,0.14285714285714285,0.0,0.0,0.0,0.0,0.0,0.14285714285714285,0.14285714285714285,0.0
0.0,0.0,0.0,0.0,0.125,0.0,0.0,0.0,0.125,0.0
0.0,0.05555555555555555,0.0,0.0,0.05555555555555555,0.0,0.0,0.0,0.1111111111111111,0.0
0.0,0.0,0.0,0.0,0.0,0.0,0.0,0.0,0.0,0.0
0.0,0.0,0.0,0.0,0.0,0.0,0.0,0.0,0.0,0.0
0.0,0.0,0.0,0.0,0.0,0.0,0.0,0.0,0.1111111111111111,0.0
0.0,0.0,0.0,0.0,0.0,0.0,0.0,0.0,0.14285714285714285,0.14285714285714285
0.0,0.0,0.0,0.0,0.0,0.0,0.0,0.0,0.0,0.0
0.1,0.1,0.0,0.0,0.1,0.0,0.1,0.2,0.2,0.0
0.14285714285714285,0.0,0.14285714285714285,0.14285714285714285,0.0,0.14285714285714285,0.0,0.0,0.0,0.14285714285714285
0.0,0.0,0.0,0.0,0.0,0.0,0.0,0.0,0.0,0.14285714285714285
0.0,0.0,0.0,0.0,0.0,0.0,0.0,0.0,0.0,0.0
0.0,0.0,0.0,0.0,0.0,0.0,0.0,0.0,0.0,0.0
0.0,0.0,0.0,0.0,0.0,0.0,0.0,0.0,0.0,0.0
0.0,0.0,0.0,0.0,0.0,0.0,0.0,0.0,0.0,0.0
0.0,0.0,0.0,0.0,0.0,0.0,0.0,0.0,0.0,0.0
0.0,0.0,0.0,0.0,0.0,0.0,0.0,0.0,0.0,0.0
0.0,0.058823529411764705,0.0,0.0,0.058823529411764705,0.0,0.0,0.058823529411764705,0.058823529411764705,0.0
0.0,0.0,0.0,0.0,0.0,0.0,0.0,0.0,0.0,0.0
0.013089005235602094,0.01832460732984293,0.010471204188481676,0.031413612565445025,0.02356020942408377,0.020942408376963352,0.0,0.028795811518324606,0.03664921465968586,0.05235602094240838
0.0,0.0,0.0,0.0,0.0,0.0,0.0,0.0,0.0,0.0
0.1111111111111111,0.2222222222222222,0.0,0.0,0.2222222222222222,0.1111111111111111,0.2222222222222222,0.2222222222222222,0.2222222222222222,0.1111111111111111
0.0,0.026490066225165563,0.006622516556291391,0.026490066225165563,0.019867549668874173,0.0,0.0,0.046357615894039736,0.046357615894039736,0.033112582781456956
0.0,0.0,0.0,0.0,0.0,0.0,0.0,0.0,0.0,0.0
0.0,0.0,0.0,0.0,0.0,0.0,0.0,0.0,1.0,0.0
0.0,0.0,0.0,0.0,0.0,0.0,0.0,0.0,0.0,0.0
0.0,0.05263157894736842,0.0,0.02631578947368421,0.02631578947368421,0.02631578947368421,0.0,0.0,0.02631578947368421,0.02631578947368421
0.0,0.0,0.0,0.0,0.0,0.0,0.0,0.0,0.0,0.0
0.0,0.0,0.0,0.0,0.0,0.0,0.0,0.0,0.0,0.0
0.0,0.0,0.0,0.0,0.0,0.0,0.0,0.0,0.0,0.0
0.047619047619047616,0.047619047619047616,0.047619047619047616,0.0,0.0,0.0,0.0,0.14285714285714285,0.14285714285714285,0.047619047619047616
0.0,0.0,0.0,0.0,0.0,0.0,0.0,0.0,0.0,0.0
0.0,0.0,0.0,0.0,0.0,0.0,0.0,0.0,0.09090909090909091,0.0
0.0,0.0,0.0,0.0,0.0,0.0,0.0,0.0,0.0,0.0
0.0,1.0,0.0,0.0,1.0,0.0,0.0,0.0,1.0,0.0
0.0,0.0,0.0,0.0,0.0,0.0,0.0,0.0,0.0,0.0
0.0,0.0,0.0,0.0,0.0,0.0,0.0,0.0,0.0,0.0
0.5,0.0,0.5,0.5,0.0,0.5,0.0,0.0,0.0,0.5
0.0,0.0,0.14285714285714285,0.14285714285714285,0.0,0.0,0.0,0.0,0.14285714285714285,0.14285714285714285
0.0,0.0,0.0,0.0,0.045454545454545456,0.0,0.0,0.0,0.045454545454545456,0.0
0.014563106796116505,0.03398058252427184,0.0024271844660194173,0.014563106796116505,0.024271844660194174,0.0048543689320388345,0.007281553398058253,0.03155339805825243,0.043689320388349516,0.01699029126213592
0.0,0.0,0.0,0.0,0.0,0.0,0.0,0.0,0.1,0.0
0.0,0.0,0.0,0.0,0.0,0.0,0.0,0.0,0.0,0.0
0.0,0.0,0.0,0.0,0.0,0.0,0.0,0.0,0.0,0.0
0.0,0.2,0.0,0.0,0.2,0.0,0.2,0.2,0.2,0.0
0.025,0.05,0.0,0.05,0.05,0.025,0.05,0.075,0.125,0.0
0.0,0.02631578947368421,0.0,0.02631578947368421,0.02631578947368421,0.0,0.0,0.02631578947368421,0.02631578947368421,0.02631578947368421
0.0,0.0,0.0,0.0,0.0,0.0,0.25,0.0,0.0,0.0
0.0,0.041666666666666664,0.0,0.0,0.0,0.0,0.0,0.041666666666666664,0.041666666666666664,0.0
0.0,0.0,0.0,0.0,0.0,0.0,0.0,0.0,0.0,0.0
0.0,0.05263157894736842,0.0,0.0,0.0,0.0,0.0,0.0,0.05263157894736842,0.0
0.0,0.058823529411764705,0.0,0.0,0.029411764705882353,0.0,0.029411764705882353,0.029411764705882353,0.029411764705882353,0.0
0.0,0.0,0.0,0.0,0.0,0.0,0.0,0.0,1.0,0.0
0.0,0.0,0.0,0.0,0.0,0.0,0.0,0.0,0.0,0.0
0.0,0.07142857142857142,0.0,0.0,0.07142857142857142,0.0,0.0,0.0,0.07142857142857142,0.0
0.0,0.0,0.0,0.0,0.0,0.0,0.0,0.0,0.023255813953488372,0.023255813953488372
0.0,0.0,0.0,0.0,0.0,0.0,0.0,0.0,0.0,1.0
0.0,0.0,0.0,0.0,0.0,0.0,0.0,0.0,0.0,0.0
0.0,0.0,0.0,0.0,0.0,0.0,0.0,0.0,0.0,0.0
0.0,0.0379746835443038,0.0,0.0,0.0379746835443038,0.0,0.0,0.06329113924050633,0.06329113924050633,0.0
0.0,0.0,0.0,0.0,0.0,0.0,0.0,0.0,0.0,0.0
0.0,0.0,0.0,0.045454545454545456,0.0,0.0,0.0,0.0,0.045454545454545456,0.045454545454545456
0.0,0.5,0.0,0.0,0.5,0.0,0.5,0.5,0.5,0.0
0.0,0.0,0.0,0.0,0.0,0.0,0.0,0.0,0.05263157894736842,0.0
0.0,0.0,0.0,0.0,0.0,0.0,0.0,0.0,0.0,0.0
0.0,0.0,0.0,0.0,0.0,0.1,0.0,0.0,0.0,0.1
0.0,0.3333333333333333,0.0,0.0,0.3333333333333333,0.0,0.3333333333333333,0.3333333333333333,0.3333333333333333,0.0
0.0,0.08333333333333333,0.0,0.0,0.0,0.0,0.0,0.0,0.0,0.0
0.0,0.047619047619047616,0.047619047619047616,0.047619047619047616,0.09523809523809523,0.0,0.0,0.14285714285714285,0.14285714285714285,0.047619047619047616
0.0,0.0,0.0,0.0,0.0,0.0,0.0,0.0,0.038461538461538464,0.0
0.0,0.0,0.0,0.0,0.0,0.0,0.0,0.1,0.1,0.0
0.0,0.0,0.0,0.0,0.0,0.0,0.0,0.0,0.0,0.0
0.0,0.0,0.0,0.0,0.0,0.0,0.0,0.0,0.0,0.0
0.045454545454545456,0.09090909090909091,0.045454545454545456,0.0,0.09090909090909091,0.0,0.045454545454545456,0.045454545454545456,0.09090909090909091,0.045454545454545456
0.045454545454545456,0.045454545454545456,0.0,0.045454545454545456,0.0,0.0,0.0,0.045454545454545456,0.0,0.0
0.0,0.0,0.0,0.0,0.0,0.0,0.0,0.0,0.0,0.0
0.0,0.0,0.0,0.0,0.0,0.0,0.0,0.0,0.0,0.0
0.0,0.25,0.0,0.0,0.25,0.0,0.0,0.0,0.25,0.0
0.043478260869565216,0.08695652173913043,0.043478260869565216,0.08695652173913043,0.043478260869565216,0.043478260869565216,0.08695652173913043,0.043478260869565216,0.043478260869565216,0.043478260869565216
0.0,0.037037037037037035,0.0,0.0,0.037037037037037035,0.0,0.0,0.0,0.037037037037037035,0.0
0.0,0.04,0.0,0.0,0.04,0.0,0.0,0.08,0.08,0.04
0.0,0.5,0.0,0.0,0.5,0.0,0.0,0.0,0.5,0.0
0.0,0.25,0.0,0.0,0.25,0.0,0.0,0.0,0.25,0.0
0.0,0.0,0.05263157894736842,0.0,0.0,0.0,0.0,0.05263157894736842,0.0,0.05263157894736842
0.0,0.0,0.0,0.0,0.0,0.0,0.0,0.0,0.0,0.0
0.010416666666666666,0.020833333333333332,0.0,0.010416666666666666,0.03125,0.0,0.010416666666666666,0.03125,0.0625,0.020833333333333332
0.0,0.0,0.0,0.0,0.030303030303030304,0.0,0.0,0.030303030303030304,0.030303030303030304,0.0
0.0,0.0,0.0,0.0,0.0,0.0,0.0,0.0,0.0,0.0
0.0,0.037037037037037035,0.0,0.0,0.024691358024691357,0.0,0.012345679012345678,0.012345679012345678,0.06172839506172839,0.0
0.016666666666666666,0.016666666666666666,0.0,0.016666666666666666,0.016666666666666666,0.0,0.0,0.016666666666666666,0.016666666666666666,0.05
0.0,0.1875,0.0,0.0,0.0625,0.0,0.0,0.0,0.125,0.0
0.0,0.0,0.0,0.0,0.0,0.0,0.0,0.14285714285714285,0.14285714285714285,0.0
0.0,0.0,0.0,0.0,0.0,0.0,0.0,0.0,0.0,0.0
0.0,0.2857142857142857,0.0,0.0,0.42857142857142855,0.0,0.14285714285714285,0.2857142857142857,0.42857142857142855,0.0
0.0,0.041666666666666664,0.0,0.0,0.041666666666666664,0.0,0.041666666666666664,0.041666666666666664,0.041666666666666664,0.0
0.0,0.058823529411764705,0.0,0.0,0.058823529411764705,0.0,0.058823529411764705,0.058823529411764705,0.058823529411764705,0.058823529411764705
0.016129032258064516,0.04838709677419355,0.0,0.03225806451612903,0.016129032258064516,0.0,0.0,0.0,0.03225806451612903,0.03225806451612903
0.0,0.0,0.0,0.0,0.0,0.0,0.0,0.0,0.0,0.0
0.02702702702702703,0.02702702702702703,0.02702702702702703,0.08108108108108109,0.02702702702702703,0.05405405405405406,0.0,0.0,0.02702702702702703,0.08108108108108109
0.0,0.0,0.0,0.0,0.0,0.0,0.0,0.0,0.0,0.0
0.0,0.034482758620689655,0.0049261083743842365,0.0049261083743842365,0.014778325123152709,0.0,0.0049261083743842365,0.0049261083743842365,0.054187192118226604,0.009852216748768473
0.07692307692307693,0.0,0.0,0.07692307692307693,0.07692307692307693,0.07692307692307693,0.0,0.07692307692307693,0.07692307692307693,0.07692307692307693
0.16666666666666666,0.0,0.0,0.16666666666666666,0.0,0.0,0.0,0.0,0.0,0.16666666666666666
0.0,0.0,0.0,0.0,0.0,0.0,0.0,0.16666666666666666,0.16666666666666666,0.0
0.0,0.0,0.0,0.0,0.0,0.0,0.0,0.0,0.0,0.0
0.0,0.03389830508474576,0.0,0.0,0.05084745762711865,0.0,0.0,0.01694915254237288,0.0847457627118644,0.0
0.0,0.0,0.0,0.0,0.0,0.0,0.0,0.0,0.0,0.0
0.0,0.0,0.0,0.0,0.0,0.0,0.0,0.0,0.0,0.0
0.0,0.5,0.0,0.0,0.5,0.0,0.5,0.5,0.5,0.0
0.0,0.0,0.0,0.0,0.0,0.0,0.0,0.0,0.0,0.0
0.0,0.0,0.0,0.0,0.0,0.0,0.0,0.0,0.0,0.0
0.1111111111111111,0.1111111111111111,0.1111111111111111,0.2222222222222222,0.0,0.2222222222222222,0.1111111111111111,0.0,0.0,0.3333333333333333
0.0,0.0,0.0,0.0,0.0,0.0,0.0,0.029411764705882353,0.0,0.0
0.0,0.045454545454545456,0.0,0.0,0.045454545454545456,0.0,0.0,0.045454545454545456,0.045454545454545456,0.0
0.0,0.041666666666666664,0.0,0.0,0.041666666666666664,0.0,0.041666666666666664,0.041666666666666664,0.041666666666666664,0.0
0.125,0.0,0.0,0.125,0.0,0.0625,0.0,0.0,0.0,0.125
0.0,0.2,0.0,0.0,0.2,0.0,0.2,0.2,0.2,0.0
0.0,0.0,0.0,0.0,0.0,0.0,0.0,0.0,0.0,0.0
0.0,0.0,0.0,0.0,0.0,0.0,0.0,0.0,0.0,0.0
0.0,0.17647058823529413,0.0,0.0,0.0,0.0,0.0,0.0,0.11764705882352941,0.058823529411764705
0.0,0.05,0.0,0.01,0.05,0.0,0.01,0.03,0.07,0.01
0.125,0.0,0.0625,0.0,0.0,0.0,0.0,0.0,0.0,0.125
0.0,0.0625,0.0,0.0,0.0,0.0,0.0,0.0625,0.0625,0.0
0.0,0.07142857142857142,0.0,0.0,0.0,0.0,0.0,0.0,0.07142857142857142,0.0
0.0,0.0,0.0,0.0,0.0,0.0,0.0,0.06666666666666667,0.06666666666666667,0.0
0.0,0.0,0.0,0.0,0.0,0.0,0.0,0.0,0.0,0.0
0.0,0.0,0.0,0.0,0.0,0.0,0.0,0.0,0.05263157894736842,0.0
0.0,0.0,0.0,0.0,0.0,0.0,0.0,0.0,0.0,0.0
0.0,0.05555555555555555,0.0,0.0,0.027777777777777776,0.0,0.027777777777777776,0.027777777777777776,0.1388888888888889,0.027777777777777776
0.0,0.0,0.0,0.0,0.0,0.0,0.0,0.05263157894736842,0.05263157894736842,0.0
0.05555555555555555,0.05555555555555555,0.05555555555555555,0.0,0.05555555555555555,0.05555555555555555,0.05555555555555555,0.1111111111111111,0.05555555555555555,0.05555555555555555
0.0,0.038461538461538464,0.0,0.0,0.038461538461538464,0.0,0.0,0.07692307692307693,0.07692307692307693,0.0
0.0,0.0,0.0,0.0,0.0,0.0,0.0,0.0,0.0,0.0
0.05555555555555555,0.16666666666666666,0.0,0.05555555555555555,0.16666666666666666,0.0,0.1111111111111111,0.16666666666666666,0.16666666666666666,0.05555555555555555
0.0,0.0,0.0,0.0,0.0,0.0,0.0,0.0,0.03571428571428571,0.0
0.0,0.0,0.0,0.0,0.0,0.0,0.0,0.0,0.043478260869565216,0.0
0.0,0.0,0.0,0.0,0.0,0.0,0.0,0.0,0.07142857142857142,0.0
0.0,0.0,0.0,0.0,0.0,0.0,0.0,0.0,0.05263157894736842,0.0
0.0,0.25,0.0,0.0,0.25,0.0,0.25,0.25,0.25,0.0
0.0,0.045454545454545456,0.0,0.0,0.045454545454545456,0.0,0.045454545454545456,0.045454545454545456,0.09090909090909091,0.0
0.0,0.25,0.0,0.0,0.125,0.0,0.0,0.0,0.125,0.0
0.0,0.0,0.0,0.0,0.05263157894736842,0.0,0.05263157894736842,0.10526315789473684,0.10526315789473684,0.05263157894736842
0.0,0.0,0.0,0.0,0.0,0.0,0.0,0.0,0.0,0.0
0.0,0.05263157894736842,0.0,0.0,0.0,0.0,0.0,0.10526315789473684,0.05263157894736842,0.05263157894736842
0.014925373134328358,0.029850746268656716,0.014925373134328358,0.029850746268656716,0.014925373134328358,0.014925373134328358,0.029850746268656716,0.029850746268656716,0.04477611940298507,0.04477611940298507
0.0,0.0,0.0,0.0,0.0,0.0,0.0,0.0,0.0,0.0
0.0,0.5,0.0,0.0,0.5,0.0,0.5,0.5,0.5,0.0
0.0,0.3333333333333333,0.0,0.0,0.3333333333333333,0.0,0.3333333333333333,0.3333333333333333,0.3333333333333333,0.0
0.0,0.0,0.0,0.0,0.0,0.0,0.0,0.0,0.0,0.0
0.022727272727272728,0.045454545454545456,0.0,0.045454545454545456,0.06818181818181818,0.0,0.022727272727272728,0.09090909090909091,0.09090909090909091,0.022727272727272728
0.0,0.0,0.0,0.0,0.0,0.0,0.0,0.0,0.057692307692307696,0.0
0.0,0.043478260869565216,0.0,0.0,0.043478260869565216,0.043478260869565216,0.0,0.0,0.043478260869565216,0.043478260869565216
0.0,0.0007558578987150416,0.0,0.0,0.0007558578987150416,0.0,0.0,0.0,0.0007558578987150416,0.0
0.0,0.0,0.0,0.0,0.0,0.0,0.0,0.0,0.0,0.0
0.0,0.045454545454545456,0.0,0.0,0.045454545454545456,0.0,0.045454545454545456,0.045454545454545456,0.045454545454545456,0.045454545454545456
0.0,0.0,0.0,0.0,0.05263157894736842,0.0,0.0,0.15789473684210525,0.05263157894736842,0.0
0.0,0.0,0.0,0.0,0.0,0.0,0.0,0.0,0.0,0.0
0.0,1.0,0.0,0.0,0.0,0.0,0.0,0.0,0.0,0.0
0.0,0.0,0.0,0.0,0.0,0.0,0.0,0.0,0.0,0.0
0.002638522427440633,0.029023746701846966,0.005277044854881266,0.010554089709762533,0.021108179419525065,0.005277044854881266,0.005277044854881266,0.023746701846965697,0.044854881266490766,0.023746701846965697
0.0,0.0,0.0,0.0,0.0,0.0,0.0,0.0,0.0,0.0
0.0,0.0,0.0,0.0,0.0,0.0,0.0,0.0,0.0,0.0
0.0,0.1,0.0,0.0,0.0,0.0,0.0,0.0,0.0,0.1
0.0,0.0,0.0,0.0,0.25,0.0,0.0,0.0,0.25,0.0
0.0,0.0,0.0,1.0,0.0,0.0,0.0,0.0,0.0,0.0
0.0,0.0,0.0,0.0,0.0,0.0,0.0,0.0,0.0,0.0
0.04918032786885246,0.0,0.0,0.01639344262295082,0.0,0.01639344262295082,0.01639344262295082,0.01639344262295082,0.03278688524590164,0.04918032786885246
0.07407407407407407,0.037037037037037035,0.0,0.07407407407407407,0.037037037037037035,0.0,0.0,0.037037037037037035,0.037037037037037035,0.07407407407407407
0.0,0.0,0.0,0.0,0.0,0.0,0.0,0.0,0.0,0.0
0.0,0.07142857142857142,0.0,0.0,0.07142857142857142,0.0,0.0,0.0,0.07142857142857142,0.0
0.0,0.0,0.0,0.0,0.058823529411764705,0.0,0.0,0.0,0.058823529411764705,0.0
0.0,0.0,0.0,0.0,0.0,0.0,0.0,0.0,0.0,0.0
0.0,0.0,0.0,0.0,0.0,0.0,0.0,0.0,0.0,0.0
0.02631578947368421,0.10526315789473684,0.0,0.0,0.13157894736842105,0.02631578947368421,0.05263157894736842,0.07894736842105263,0.13157894736842105,0.02631578947368421
0.0,0.0,0.0,0.0,0.0,0.0,0.0,0.09090909090909091,0.18181818181818182,0.0
0.0,0.0,0.0,0.0,0.0,0.0,0.0,0.0,0.0,0.0
0.0,0.0,0.0,0.0,0.075,0.0,0.0,0.075,0.075,0.025
0.0,0.06060606060606061,0.0,0.0,0.06060606060606061,0.0,0.0,0.06060606060606061,0.09090909090909091,0.0
0.009615384615384616,0.02564102564102564,0.003205128205128205,0.01282051282051282,0.02564102564102564,0.00641025641025641,0.003205128205128205,0.035256410256410256,0.057692307692307696,0.019230769230769232
0.0,0.0,0.0,0.0,0.0,0.0,0.0,0.0,0.0,0.0
0.0,0.0,0.0,0.0,0.0,0.0,0.0,0.1,0.1,0.1
0.0,0.0,0.0,0.0,0.0,0.0,0.0,0.0,0.0,0.0
0.004807692307692308,0.04807692307692308,0.0,0.004807692307692308,0.028846153846153848,0.004807692307692308,0.009615384615384616,0.04326923076923077,0.0625,0.014423076923076924
0.0,0.0,0.0,0.0,0.0,0.0,0.0,0.0,0.0,0.0
0.0,0.0,0.0,0.0,0.0,0.0,0.0,0.0,0.0,0.0
0.0,0.5,0.0,0.0,0.5,0.0,0.5,0.5,0.5,0.0
0.0,0.0,0.0,0.0,0.0,0.0,0.0,0.0,0.0,0.0
0.0,0.0,0.0,0.0,0.0,0.0,0.0,0.0,0.0,0.0
0.0,0.1111111111111111,0.0,0.0,0.1111111111111111,0.0,0.1111111111111111,0.1111111111111111,0.1111111111111111,0.0
0.0,0.0,0.0,0.0,0.0,0.0,0.0,0.0,0.0,0.0
0.0,0.0,0.0,0.0,0.0,0.0,0.0,0.05263157894736842,0.05263157894736842,0.0
0.0,0.043478260869565216,0.0,0.0,0.043478260869565216,0.0,0.0,0.08695652173913043,0.08695652173913043,0.0
0.0,0.0,0.0,0.0,0.0,0.0,0.0,0.0,0.0,0.0
0.0,0.07142857142857142,0.0,0.0,0.07142857142857142,0.0,0.0,0.0,0.07142857142857142,0.0
0.0,0.0,0.0,0.0,0.0,0.0,0.0,0.0,0.0,0.0
0.0,0.1111111111111111,0.0,0.0,0.1111111111111111,0.0,0.1111111111111111,0.1111111111111111,0.1111111111111111,0.0
0.04,0.04,0.0,0.04,0.04,0.04,0.0,0.04,0.04,0.08
0.0,0.0,0.0,0.0,0.0,0.0,0.0,0.0,0.0,0.0
0.0,0.0,0.0,0.0,0.0,0.0,0.0,0.07692307692307693,0.07692307692307693,0.0
0.0,0.07142857142857142,0.0,0.0,0.21428571428571427,0.0,0.0,0.14285714285714285,0.2857142857142857,0.0
0.0,0.05128205128205128,0.0,0.0,0.02564102564102564,0.0,0.0,0.05128205128205128,0.05128205128205128,0.0
0.0,0.043478260869565216,0.0,0.0,0.043478260869565216,0.0,0.0,0.0,0.043478260869565216,0.0
0.0,0.0,0.0,0.0,0.0,0.0,0.0,0.0,0.0,0.0
0.0,0.0,0.0,0.07692307692307693,0.0,0.0,0.0,0.07692307692307693,0.07692307692307693,0.07692307692307693
0.0,0.043478260869565216,0.0,0.0,0.043478260869565216,0.0,0.0,0.0,0.043478260869565216,0.0
0.0,0.07692307692307693,0.0,0.0,0.07692307692307693,0.0,0.0,0.07692307692307693,0.15384615384615385,0.0
0.0,0.0,0.0,0.0,0.0,0.0,0.0,0.0,0.0,0.0
0.012048192771084338,0.02108433734939759,0.0030120481927710845,0.009036144578313253,0.018072289156626505,0.0030120481927710845,0.0030120481927710845,0.018072289156626505,0.03614457831325301,0.015060240963855422
0.0,0.0,0.0,0.0,0.0,0.0,0.0,0.0,0.0,0.0
0.0,0.038461538461538464,0.0,0.0,0.038461538461538464,0.0,0.0,0.0,0.07692307692307693,0.0
0.02158273381294964,0.02877697841726619,0.007194244604316547,0.02158273381294964,0.02877697841726619,0.014388489208633094,0.014388489208633094,0.03597122302158273,0.06474820143884892,0.02158273381294964
0.0053475935828877,0.0481283422459893,0.0053475935828877,0.0053475935828877,0.0053475935828877,0.0,0.0,0.0053475935828877,0.03208556149732621,0.026737967914438502
0.0,0.14285714285714285,0.0,0.0,0.2857142857142857,0.0,0.0,0.14285714285714285,0.2857142857142857,0.0
0.0,0.0,0.0,0.0,0.0,0.0,0.0,0.0,0.0,0.0
0.007462686567164179,0.03731343283582089,0.0,0.007462686567164179,0.03731343283582089,0.007462686567164179,0.007462686567164179,0.05223880597014925,0.09701492537313433,0.014925373134328358
0.0,0.1111111111111111,0.0,0.0,0.1111111111111111,0.0,0.0,0.1111111111111111,0.1111111111111111,0.1111111111111111
0.0,0.0,0.0,1.0,0.0,0.0,0.0,0.0,0.0,0.0
0.0,0.0,0.0,0.0,0.0625,0.0,0.0,0.0625,0.0625,0.0
0.5,0.0,0.0,0.0,0.0,0.0,0.0,0.0,0.0,0.0
0.0,0.0,0.0,0.0,0.0,0.0,0.0,0.0,0.0,0.0
0.0,0.058823529411764705,0.0,0.0,0.0,0.0,0.0,0.0,0.0,0.0
0.0,0.0,0.0,0.0,0.0,0.0,0.0,0.0,0.0625,0.0
0.009345794392523364,0.037383177570093455,0.009345794392523364,0.018691588785046728,0.037383177570093455,0.009345794392523364,0.009345794392523364,0.028037383177570093,0.056074766355140186,0.04672897196261682
0.018518518518518517,0.018518518518518517,0.0,0.018518518518518517,0.018518518518518517,0.0,0.0,0.0,0.07407407407407407,0.018518518518518517
0.0,0.0,0.0,0.0,0.0,0.0,0.0,0.05555555555555555,0.05555555555555555,0.0
0.0,0.0,0.0,0.0,0.16666666666666666,0.0,0.0,0.0,0.16666666666666666,0.16666666666666666
0.006472491909385114,0.03559870550161812,0.009708737864077669,0.009708737864077669,0.016181229773462782,0.006472491909385114,0.003236245954692557,0.019417475728155338,0.032362459546925564,0.025889967637540454
0.16666666666666666,0.16666666666666666,0.0,0.0,0.16666666666666666,0.0,0.16666666666666666,0.16666666666666666,0.16666666666666666,0.0
0.0,0.3333333333333333,0.0,0.0,0.3333333333333333,0.0,0.3333333333333333,0.3333333333333333,0.3333333333333333,0.0
0.05555555555555555,0.0,0.0,0.05555555555555555,0.0,0.0,0.0,0.0,0.0,0.05555555555555555
0.0,0.06666666666666667,0.0,0.0,0.0,0.0,0.0,0.0,0.06666666666666667,0.0
0.009523809523809525,0.0,0.009523809523809525,0.009523809523809525,0.02857142857142857,0.009523809523809525,0.0,0.02857142857142857,0.0380952380952381,0.01904761904761905
0.0,0.0,0.0,0.0,0.0,0.0,0.0,0.05263157894736842,0.05263157894736842,0.05263157894736842
0.0,0.3333333333333333,0.0,0.0,0.3333333333333333,0.0,0.3333333333333333,0.3333333333333333,0.3333333333333333,0.0
0.0,0.07407407407407407,0.0,0.0,0.07407407407407407,0.0,0.037037037037037035,0.037037037037037035,0.07407407407407407,0.037037037037037035
0.0,0.02702702702702703,0.0,0.0,0.05405405405405406,0.0,0.0,0.08108108108108109,0.08108108108108109,0.02702702702702703
0.003952569169960474,0.02766798418972332,0.007905138339920948,0.0,0.007905138339920948,0.003952569169960474,0.0,0.011857707509881422,0.019762845849802372,0.011857707509881422
0.058823529411764705,0.058823529411764705,0.0,0.058823529411764705,0.0,0.0,0.0,0.0,0.0,0.0
0.0,0.0625,0.0,0.0,0.0625,0.0,0.03125,0.0625,0.0625,0.0
0.0,0.5,0.0,0.0,0.0,0.0,0.0,0.0,0.0,0.0
0.0,0.25,0.0,0.0,0.25,0.0,0.25,0.25,0.25,0.0
0.005813953488372093,0.03197674418604651,0.0029069767441860465,0.020348837209302327,0.029069767441860465,0.005813953488372093,0.005813953488372093,0.040697674418604654,0.05813953488372093,0.023255813953488372
0.0,0.0,0.0,0.0,0.0,0.0,0.0,0.0,0.0,0.0
0.0,0.0,0.0,0.0,0.0,0.0,0.0,0.0,0.5,0.0
0.0,0.0,0.0625,0.0,0.0625,0.0,0.0625,0.125,0.0625,0.0
0.0,0.0,0.0,0.0,0.0,0.0,0.0,0.0,0.0,0.0
0.0,0.0,0.0,0.0,0.0,0.0,0.0,0.0,0.0,0.0
0.0,0.0,0.0,0.0,0.0,0.0,0.0,0.0,0.0,0.0
0.0,0.0,0.0,0.0,0.3333333333333333,0.0,0.0,0.0,0.3333333333333333,0.0
0.0,0.06666666666666667,0.0,0.0,0.0,0.0,0.0,0.0,0.06666666666666667,0.0
0.0,0.054945054945054944,0.0,0.0,0.054945054945054944,0.0,0.0,0.02197802197802198,0.054945054945054944,0.01098901098901099
0.0,0.0,0.0,0.0,0.0,0.0,0.0,0.0,0.0,0.0
0.0,0.0,0.0,0.0,0.0,0.0,0.0,0.0,0.0,0.0
0.0,0.05714285714285714,0.0,0.02857142857142857,0.02857142857142857,0.02857142857142857,0.0,0.08571428571428572,0.08571428571428572,0.02857142857142857
0.0,0.0,0.0,0.0,0.0,0.0,0.0,0.3333333333333333,0.3333333333333333,0.0
0.0,0.0,0.0,0.0,0.0,0.0,0.0,0.0,0.5,0.0
0.0,0.0,0.0,0.0,0.0,0.0,0.0,0.0,0.0,0.0
0.004201680672268907,0.029411764705882353,0.0014005602240896359,0.0028011204481792717,0.0392156862745098,0.0028011204481792717,0.014005602240896359,0.06862745098039216,0.06862745098039216,0.0196078431372549
0.0,0.25,0.0,0.0,0.25,0.0,0.25,0.25,0.25,0.0
0.0,0.05555555555555555,0.0,0.05555555555555555,0.05555555555555555,0.05555555555555555,0.05555555555555555,0.05555555555555555,0.05555555555555555,0.1111111111111111
0.0,0.0,0.0,0.0,0.0,0.0,0.0,0.0,0.0,0.0
0.0,0.05263157894736842,0.0,0.0,0.05263157894736842,0.0,0.0,0.05263157894736842,0.10526315789473684,0.0
0.0,0.0,0.0,0.0,0.0,0.0,0.0,0.0,0.0,0.045454545454545456
0.0,0.0,0.0,0.0,0.0,0.0,0.0,0.0,0.05,0.0
0.02702702702702703,0.02702702702702703,0.0,0.08108108108108109,0.02702702702702703,0.08108108108108109,0.0,0.05405405405405406,0.05405405405405406,0.08108108108108109
0.0,0.0,0.0,0.0,0.0,0.0,0.0,0.0,0.0,0.0
0.08,0.0,0.04,0.04,0.0,0.0,0.0,0.0,0.04,0.08
0.0,0.0,0.0,0.0,0.0,0.0,0.0,0.0,0.0,0.0
0.0,0.0,0.0,0.0,0.0,0.0,0.0,0.0,0.0,0.0
0.0,1.0,0.0,0.0,1.0,0.0,1.0,1.0,1.0,0.0
0.0,0.0,0.0,0.0,0.0,0.0,0.0,0.0,0.0,0.0
0.0,0.0,0.0,0.0,0.0,0.0,0.0,0.0,0.0,0.0
0.0,0.5,0.0,0.0,0.5,0.0,0.5,0.5,0.5,0.0
0.0,0.05263157894736842,0.0,0.0,0.05263157894736842,0.05263157894736842,0.05263157894736842,0.0,0.05263157894736842,0.0
0.0,0.05,0.0,0.0,0.0,0.0,0.0,0.0,0.05,0.05
0.0,0.07142857142857142,0.0,0.0,0.14285714285714285,0.0,0.0,0.07142857142857142,0.14285714285714285,0.0
0.0,0.0,0.0,0.0,0.0,0.0,0.0,0.0,0.0,0.0
0.0,0.0,0.0,0.0,0.0,0.0,0.0,0.0,0.0,0.0
0.0,0.0,0.0,0.047619047619047616,0.0,0.0,0.0,0.0,0.047619047619047616,0.0
0.0,0.0,0.0,0.0,0.038461538461538464,0.0,0.0,0.038461538461538464,0.038461538461538464,0.0
0.0,0.0625,0.0,0.0,0.041666666666666664,0.0,0.0,0.041666666666666664,0.041666666666666664,0.020833333333333332
0.0,0.0,0.0,0.0,0.0,0.0,0.0,0.0,0.0,0.0
0.0,0.0,0.0,0.0,0.0,0.0,0.0,0.045454545454545456,0.09090909090909091,0.0
0.0,0.0,0.0,0.0,0.0,0.0,0.0,0.0,0.0,0.0
0.0,0.0,0.0,0.0,0.0,0.0,0.0,1.0,0.0,0.0
0.0,0.5,0.0,0.5,0.0,0.5,0.0,0.0,0.0,0.5
0.14285714285714285,0.0,0.14285714285714285,0.14285714285714285,0.0,0.14285714285714285,0.0,0.0,0.0,0.14285714285714285
0.0,0.0,0.0,0.0,0.05263157894736842,0.0,0.0,0.15789473684210525,0.05263157894736842,0.0
0.0,0.08695652173913043,0.0,0.043478260869565216,0.043478260869565216,0.0,0.043478260869565216,0.08695652173913043,0.08695652173913043,0.0
0.003389830508474576,0.01694915254237288,0.0,0.010169491525423728,0.020338983050847456,0.0,0.0,0.023728813559322035,0.04745762711864407,0.006779661016949152
0.0,0.05263157894736842,0.0,0.0,0.05263157894736842,0.0,0.05263157894736842,0.05263157894736842,0.05263157894736842,0.0
0.0,0.0,0.0,0.0,0.0,0.0,0.0,0.0,0.0,0.0
0.024390243902439025,0.04878048780487805,0.024390243902439025,0.04878048780487805,0.07317073170731707,0.07317073170731707,0.024390243902439025,0.04878048780487805,0.0975609756097561,0.024390243902439025
0.0,0.0,0.0,0.0,0.0,0.0,0.0,0.0,0.0,0.0
0.0,0.09090909090909091,0.0,0.0,0.13636363636363635,0.0,0.0,0.09090909090909091,0.18181818181818182,0.0
0.0,0.1111111111111111,0.0,0.0,0.1111111111111111,0.0,0.1111111111111111,0.1111111111111111,0.1111111111111111,0.0
0.0,0.0,0.0,0.0,0.17647058823529413,0.0,0.0,0.0,0.17647058823529413,0.0
0.0,0.0,0.0,0.0,0.0,0.0,0.0,0.0,0.0,0.0
0.0,0.0,0.0,0.0,0.0,0.0,0.0,0.038461538461538464,0.0,0.0
0.0,0.0,0.0,0.0,0.0,0.0,0.0,0.0,0.0,0.0
0.02127659574468085,0.0,0.0,0.02127659574468085,0.0425531914893617,0.0,0.02127659574468085,0.0425531914893617,0.06382978723404255,0.02127659574468085
0.0,0.3333333333333333,0.0,0.0,0.3333333333333333,0.0,0.3333333333333333,0.3333333333333333,0.3333333333333333,0.0
0.0,0.5,0.0,0.0,0.5,0.0,0.0,0.0,0.5,0.0
0.0,0.0,0.0,0.0,0.0,0.0,0.0,0.0,0.25,0.0
0.0,0.058823529411764705,0.0,0.0,0.029411764705882353,0.0,0.0,0.0,0.029411764705882353,0.0
0.03571428571428571,0.14285714285714285,0.03571428571428571,0.03571428571428571,0.07142857142857142,0.03571428571428571,0.03571428571428571,0.03571428571428571,0.10714285714285714,0.07142857142857142
0.0,0.0,0.0,0.0,0.25,0.0,0.0,0.0,0.25,0.0
0.0,0.14285714285714285,0.0,0.0,0.14285714285714285,0.0,0.0,0.0,0.14285714285714285,0.0
0.1111111111111111,0.0,0.0,0.1111111111111111,0.0,0.1111111111111111,0.0,0.0,0.1111111111111111,0.1111111111111111
0.0,0.0,0.0,0.0,0.0,0.0,0.0,0.0,0.0,0.0
0.0,1.0,0.0,0.0,1.0,0.0,1.0,1.0,1.0,0.0
0.0,0.034482758620689655,0.008620689655172414,0.008620689655172414,0.008620689655172414,0.008620689655172414,0.0,0.034482758620689655,0.02586206896551724,0.02586206896551724
0.03571428571428571,0.0,0.0,0.0,0.03571428571428571,0.0,0.0,0.0,0.03571428571428571,0.0
0.0,0.5,0.0,0.0,0.5,0.0,0.5,0.5,0.5,0.0
0.0,0.0,0.0,0.0,0.0,0.03571428571428571,0.0,0.0,0.03571428571428571,0.07142857142857142
0.0,0.038461538461538464,0.0,0.0,0.07692307692307693,0.0,0.0,0.038461538461538464,0.07692307692307693,0.0
0.0,0.0,0.0,0.0,0.0,0.0,0.0,0.0,0.0,0.0
0.08571428571428572,0.05714285714285714,0.05714285714285714,0.0,0.02857142857142857,0.0,0.0,0.0,0.08571428571428572,0.05714285714285714
0.0,0.0,0.0,0.0,0.0,0.0,0.0,0.0,0.0,0.0
0.0,0.06741573033707865,0.0,0.0,0.033707865168539325,0.0,0.011235955056179775,0.056179775280898875,0.056179775280898875,0.0
0.0,0.14285714285714285,0.0,0.0,0.14285714285714285,0.0,0.14285714285714285,0.14285714285714285,0.14285714285714285,0.0
0.0,0.0,0.0,0.0,0.0,0.0,0.0,0.0,0.034482758620689655,0.0
0.09090909090909091,0.0,0.0,0.0,0.0,0.0,0.0,0.0,0.0,0.0
0.0,0.08333333333333333,0.0,0.0,0.05555555555555555,0.0,0.0,0.0,0.05555555555555555,0.0
0.0,0.0,0.0,0.0,0.0,0.0,0.0,0.0,0.0,0.0
0.0,0.03333333333333333,0.0,0.0,0.03333333333333333,0.0,0.0,0.03333333333333333,0.06666666666666667,0.03333333333333333
0.018518518518518517,0.018518518518518517,0.0,0.018518518518518517,0.018518518518518517,0.0,0.0,0.0,0.07407407407407407,0.018518518518518517
0.0,0.0,0.0,0.0,0.0,0.0,0.0,0.0,0.0,0.0
0.0,0.125,0.0,0.0,0.125,0.0,0.0,0.0,0.125,0.0
0.0625,0.0,0.125,0.0625,0.0,0.125,0.0,0.0,0.0,0.1875
0.0,0.0,0.0,0.0,0.0,0.0,0.0,0.0,0.08888888888888889,0.0
0.0,0.0,0.0,0.0,0.0,0.0,0.0,0.0,0.0,0.0
0.0,0.0,0.0,0.0,0.0,0.0,0.0,0.0,0.0,0.0
0.0,0.0,0.0,0.0,0.0,0.0,0.0,0.0,0.0,0.0
0.0,0.02702702702702703,0.0,0.0,0.02027027027027027,0.0,0.013513513513513514,0.02027027027027027,0.02702702702702703,0.013513513513513514
0.0,0.06666666666666667,0.0,0.0,0.06666666666666667,0.0,0.0,0.13333333333333333,0.06666666666666667,0.0
0.0,0.0,0.0,0.0,0.0,0.0,0.0,0.0,0.0,0.0
0.0,0.0,0.0,0.0,0.0,0.0,0.0,0.0,0.0,0.5
0.0,0.0,0.0,0.0,0.14285714285714285,0.0,0.0,0.0,0.14285714285714285,0.0
0.0,0.0,0.0,0.0,0.0,0.0,0.0,0.0,1.0,0.0
0.0,0.0,0.0,0.0,0.0,0.0,0.0,0.0,0.0,0.0
0.0,0.0,0.0,0.0,0.0,0.0,0.0,0.0,0.0,0.0
0.0,0.2,0.0,0.0,0.2,0.0,0.0,0.0,0.2,0.0
0.0,0.06,0.0,0.0,0.04,0.0,0.02,0.035,0.055,0.005
0.0,0.0,0.0,0.0,0.07142857142857142,0.0,0.0,0.0,0.07142857142857142,0.0
0.0,0.5,0.0,0.0,0.5,0.0,0.0,0.0,0.5,0.0
0.0,0.0,0.0,0.0,0.0,0.0,0.0,0.0,0.0,0.0
0.0,0.0,0.0,0.0,0.0,0.0,0.0,0.0,0.0,0.0
0.0,0.0,0.0,0.0,0.0,0.0,0.0,0.0,0.0,0.0
0.0,0.0,0.0,0.0,0.0,0.0,0.0,0.0,0.0,0.0
0.0,0.0,0.0,0.0,0.0,0.0,0.0,0.0,0.0,0.0
0.0,0.0,0.0,0.0,0.0,0.0,0.0,0.0,0.0,0.0
0.0,0.0,0.0,0.043478260869565216,0.0,0.0,0.0,0.08695652173913043,0.0,0.0
0.0,0.3333333333333333,0.0,0.0,0.3333333333333333,0.0,0.3333333333333333,0.3333333333333333,0.3333333333333333,0.0
0.0,0.14285714285714285,0.0,0.0,0.14285714285714285,0.0,0.0,0.14285714285714285,0.2857142857142857,0.0
0.0,0.058823529411764705,0.0,0.0,0.058823529411764705,0.0,0.0,0.0,0.058823529411764705,0.058823529411764705
0.0,0.03333333333333333,0.0,0.0,0.03333333333333333,0.0,0.0,0.0,0.03333333333333333,0.03333333333333333
0.022222222222222223,0.0,0.044444444444444446,0.022222222222222223,0.022222222222222223,0.022222222222222223,0.0,0.0,0.044444444444444446,0.044444444444444446
0.0,0.06666666666666667,0.0,0.0,0.06666666666666667,0.0,0.0,0.13333333333333333,0.06666666666666667,0.0
0.0,0.08333333333333333,0.0,0.0,0.08333333333333333,0.0,0.08333333333333333,0.08333333333333333,0.08333333333333333,0.08333333333333333
0.0,0.058823529411764705,0.0,0.0,0.058823529411764705,0.0,0.0,0.03529411764705882,0.09411764705882353,0.011764705882352941
0.0,0.06666666666666667,0.0,0.0,0.06666666666666667,0.0,0.06666666666666667,0.06666666666666667,0.06666666666666667,0.06666666666666667
0.0,0.5,0.0,0.0,0.5,0.0,0.5,0.5,0.5,0.0
0.0,0.0,0.0,0.0,0.0,0.0,0.0,0.0,0.0,0.0
0.0,0.0,0.0,0.0,0.0,0.0,0.0,0.0,0.0,0.0
0.0,0.0,0.0,0.0,0.0,0.0,0.0,0.0,0.0,0.0
0.041666666666666664,0.041666666666666664,0.041666666666666664,0.041666666666666664,0.08333333333333333,0.041666666666666664,0.041666666666666664,0.08333333333333333,0.08333333333333333,0.0
0.0,0.1111111111111111,0.0,0.0,0.0,0.0,0.0,0.0,0.1111111111111111,0.0
0.0,0.08,0.0,0.0,0.08,0.0,0.08,0.08,0.08,0.0
0.0,0.3333333333333333,0.0,0.0,0.3333333333333333,0.0,0.3333333333333333,0.3333333333333333,0.3333333333333333,0.0
0.0,0.0,0.0,0.0,0.0,0.0,0.0,0.0,0.0,0.2
0.0,0.0,0.0,0.0,0.0,0.0,0.0,0.0,0.0,0.0
0.024193548387096774,0.016129032258064516,0.016129032258064516,0.06451612903225806,0.008064516129032258,0.03225806451612903,0.008064516129032258,0.03225806451612903,0.06451612903225806,0.10483870967741936
0.0,0.5,0.0,0.0,0.5,0.0,0.5,0.5,0.5,0.0
0.0,0.2,0.0,0.0,0.2,0.0,0.2,0.2,0.2,0.0
0.029411764705882353,0.029411764705882353,0.0,0.029411764705882353,0.14705882352941177,0.029411764705882353,0.0,0.08823529411764706,0.14705882352941177,0.058823529411764705
0.0,0.0,0.0,0.0,0.0,0.0,0.0,0.0,0.0,0.0
0.09375,0.0625,0.03125,0.125,0.0625,0.0625,0.03125,0.03125,0.09375,0.125
0.0,0.0,0.0,0.0,0.0,0.0,0.0,0.0,0.0,0.0
0.0,0.125,0.0,0.0,0.0625,0.0,0.0,0.0,0.0625,0.0
0.05,0.0,0.05,0.0,0.05,0.0,0.0,0.05,0.05,0.1
0.043478260869565216,0.043478260869565216,0.0,0.043478260869565216,0.0,0.021739130434782608,0.0,0.0,0.0,0.043478260869565216
0.0,0.0,0.0,0.0,0.023809523809523808,0.0,0.0,0.023809523809523808,0.023809523809523808,0.023809523809523808
0.0,0.0,0.0,0.0,0.0,0.0,0.0,0.0,0.0,0.0
0.0,0.0,0.0,0.0,0.06666666666666667,0.0,0.0,0.06666666666666667,0.06666666666666667,0.06666666666666667
0.0,1.0,0.0,0.0,1.0,0.0,0.0,0.0,1.0,0.0
0.07692307692307693,0.0,0.07692307692307693,0.07692307692307693,0.0,0.07692307692307693,0.0,0.0,0.0,0.07692307692307693
0.0,0.0,0.0,0.0,0.0,0.0,0.0,0.0,0.0,0.0
0.0,0.0,0.0,0.0,0.0,0.0,0.0,0.0,0.047619047619047616,0.0
0.0,0.25,0.0,0.0,0.0,0.0,0.0,0.0,0.25,0.0
0.5,0.0,0.5,0.5,0.0,0.5,0.0,0.0,0.0,0.5
0.0,1.0,0.0,0.0,1.0,0.0,0.0,0.0,1.0,0.0
0.0,0.0,0.0,0.0,0.0,0.0,0.0,0.0,0.0,0.0
0.0,0.0,0.0,0.0,0.0,0.0,0.0,0.0,0.0,0.0
0.0,0.14285714285714285,0.0,0.0,0.07142857142857142,0.0,0.0,0.03571428571428571,0.07142857142857142,0.0
0.0,0.0,0.0,0.07692307692307693,0.0,0.0,0.0,0.0,0.0,0.07692307692307693
0.0,0.05714285714285714,0.0,0.05714285714285714,0.08571428571428572,0.0,0.0,0.14285714285714285,0.22857142857142856,0.02857142857142857
0.0,0.0,0.0,0.0,0.0,0.0,0.0,0.0,0.0,0.0
0.0,0.0,0.0,0.0,0.029850746268656716,0.0,0.014925373134328358,0.029850746268656716,0.07462686567164178,0.029850746268656716
0.0,0.026785714285714284,0.0,0.0,0.03571428571428571,0.008928571428571428,0.0,0.05357142857142857,0.08928571428571429,0.0
0.0,0.16666666666666666,0.0,0.0,0.0,0.0,0.0,0.0,0.0,0.0
0.0,0.0,0.0,0.0,0.0,0.0,0.0,0.0,0.0,0.0
0.0,0.0,0.0,0.0,0.0,0.0,0.0,0.0,0.0,0.0
0.0,0.0,0.0,0.0,0.0,0.0,0.0,0.0,0.0,0.0
0.016666666666666666,0.016666666666666666,0.016666666666666666,0.016666666666666666,0.016666666666666666,0.016666666666666666,0.0,0.016666666666666666,0.016666666666666666,0.016666666666666666
0.0,0.0,0.0,0.0,0.0,0.0,0.0,0.0,0.0,0.14285714285714285
0.0,0.08695652173913043,0.0,0.0,0.043478260869565216,0.0,0.043478260869565216,0.043478260869565216,0.08695652173913043,0.0
0.0,0.13333333333333333,0.0,0.0,0.06666666666666667,0.0,0.06666666666666667,0.06666666666666667,0.06666666666666667,0.0
0.0,0.02197802197802198,0.0,0.0,0.0,0.02197802197802198,0.0,0.01098901098901099,0.01098901098901099,0.06593406593406594
0.0,0.0,0.0,0.0,0.0,0.0,0.0,0.0,0.0,0.0
0.0,0.0,0.0,0.0,0.0,0.0,0.0,0.0,0.0,0.0
0.0,0.0,0.0,0.0,0.0,0.0,0.0,0.0,0.0,0.0
0.01284796573875803,0.03640256959314775,0.0021413276231263384,0.01284796573875803,0.029978586723768737,0.004282655246252677,0.023554603854389723,0.029978586723768737,0.059957173447537475,0.019271948608137045
0.0,0.14285714285714285,0.0,0.0,0.14285714285714285,0.0,0.14285714285714285,0.14285714285714285,0.14285714285714285,0.0
0.0,0.030303030303030304,0.0,0.0,0.06060606060606061,0.0,0.0,0.030303030303030304,0.06060606060606061,0.0
0.0,0.0,0.0,0.0,0.0,0.0,0.0,0.0,0.0,0.0
0.0,0.0,0.0,0.0,0.0,0.0,0.0,0.0,0.0,0.0
0.0,0.0,0.0,0.0,0.0,0.0,0.0,0.0,0.0,0.0
0.0,0.027777777777777776,0.0,0.0,0.0,0.0,0.0,0.0,0.0,0.0
0.018518518518518517,0.037037037037037035,0.018518518518518517,0.037037037037037035,0.018518518518518517,0.037037037037037035,0.018518518518518517,0.037037037037037035,0.018518518518518517,0.05555555555555555
0.0,0.0,0.0,0.0,0.0,0.0,0.0,0.0,0.0625,0.0
0.0,0.0,0.0,0.0,0.0,0.0,0.0,0.0,0.0,0.0
0.0,0.3333333333333333,0.0,0.0,0.3333333333333333,0.0,0.3333333333333333,0.3333333333333333,0.3333333333333333,0.0
0.0,0.0,0.0,0.0,0.0,0.0,0.0,0.0,0.0,0.0
0.0,0.0,0.0,0.0,0.0,0.0,0.0,0.0,0.0,0.0
0.0,0.0,0.017543859649122806,0.017543859649122806,0.017543859649122806,0.0,0.0,0.017543859649122806,0.017543859649122806,0.03508771929824561
0.0,0.07142857142857142,0.0,0.0,0.0,0.0,0.0,0.0,0.0,0.07142857142857142
0.0,0.0,0.0,0.0,0.0,0.0,0.0,0.0,0.0,0.0
0.0,0.0,0.0,0.0,0.0,0.0,0.0,0.0,0.034482758620689655,0.0
0.0,0.0,0.0,0.0,0.0,0.0,0.0,0.0,0.0,0.0
0.0,0.0,0.0,0.5,0.0,0.0,0.0,0.0,0.0,0.5
0.0,0.0,0.0,0.0,0.0,0.0,0.0,0.0,0.0,0.0
0.0,0.03333333333333333,0.0,0.0,0.03333333333333333,0.0,0.0,0.03333333333333333,0.03333333333333333,0.0
0.0,0.10526315789473684,0.0,0.0,0.05263157894736842,0.0,0.0,0.10526315789473684,0.15789473684210525,0.0
0.0,0.0,0.0,0.0,0.0,0.0,0.0,0.0,0.0,0.0
0.0,0.5,0.0,0.0,0.5,0.0,0.5,0.5,0.5,0.0
0.0,0.0,0.0,0.0,0.0,0.0,0.0,0.0,0.0,0.0
0.0,0.0,0.0,0.0,0.0,0.0,0.0,0.0,0.0,0.0
0.0,0.5,0.0,0.0,0.5,0.0,0.0,0.0,0.5,0.0
0.0,0.0,0.0,1.0,0.0,0.0,0.0,0.0,0.0,1.0
0.009009009009009009,0.07207207207207207,0.0,0.0,0.018018018018018018,0.009009009009009009,0.018018018018018018,0.036036036036036036,0.09009009009009009,0.018018018018018018
0.0,0.0,0.0,0.0,0.045454545454545456,0.0,0.045454545454545456,0.045454545454545456,0.045454545454545456,0.045454545454545456
0.0,0.0,0.0,0.0,0.0,0.0,0.0,0.0,0.0,0.0
0.0,0.14285714285714285,0.0,0.0,0.14285714285714285,0.0,0.14285714285714285,0.14285714285714285,0.14285714285714285,0.0
0.0,0.0,0.0,0.0,0.0,0.0,0.0,0.0,0.5,0.0
0.0,0.13333333333333333,0.0,0.0,0.06666666666666667,0.0,0.06666666666666667,0.06666666666666667,0.06666666666666667,0.0
0.0,0.5,0.0,0.0,0.5,0.0,0.0,0.0,0.5,0.0
0.0,0.25,0.0,0.0,0.0,0.0,0.0,0.25,0.25,0.0
0.0,0.0,0.0,0.0,0.0,0.0,0.0,0.0,0.0,0.0
0.0,0.030303030303030304,0.0,0.0,0.022727272727272728,0.0,0.007575757575757576,0.030303030303030304,0.03787878787878788,0.0
0.0,0.0,0.0,0.0,0.0,0.0,0.1,0.0,0.0,0.1
0.0,0.0,0.0,0.0,0.0,0.0,0.0,0.0,0.0,0.0
0.0,0.0,0.0,0.0,0.0,0.0,0.0,0.0,0.0,0.02631578947368421
0.018518518518518517,0.05555555555555555,0.0,0.018518518518518517,0.037037037037037035,0.0,0.018518518518518517,0.018518518518518517,0.037037037037037035,0.018518518518518517
0.024691358024691357,0.024691358024691357,0.0,0.012345679012345678,0.0,0.012345679012345678,0.012345679012345678,0.0,0.024691358024691357,0.037037037037037035
0.0,0.0,0.0,0.0,0.0,0.0,0.0,0.0,0.0,0.0
0.0,0.027777777777777776,0.0,0.0,0.027777777777777776,0.0,0.0,0.027777777777777776,0.05555555555555555,0.013888888888888888
0.0,0.0,0.0,0.0,0.0,0.0,0.0,0.0,0.0,0.0
0.0,0.0,0.0,0.0,0.0,0.0,0.0,0.0,0.0,0.0
0.0,0.0,0.0,0.0,0.0,0.0,0.0,0.0,0.0,0.0
0.02040816326530612,0.061224489795918366,0.0,0.0,0.04081632653061224,0.04081632653061224,0.061224489795918366,0.02040816326530612,0.061224489795918366,0.0
0.0,0.0,0.0,0.0,0.0,0.0,0.0,0.0,0.0,0.0
0.0,0.0,0.0,0.0,0.0,0.0,0.0,0.0,0.08333333333333333,0.0
0.008620689655172414,0.017241379310344827,0.017241379310344827,0.0,0.017241379310344827,0.0,0.0,0.02586206896551724,0.034482758620689655,0.017241379310344827
0.0,0.0,0.0,0.0,0.0,0.0,0.0,0.0,0.0,0.0
0.018140589569160998,0.027210884353741496,0.0045351473922902496,0.015873015873015872,0.027210884353741496,0.006802721088435374,0.009070294784580499,0.02947845804988662,0.047619047619047616,0.015873015873015872
0.0,0.0,0.0,0.0,0.0,0.0,0.0,0.0,0.0,0.0
0.0,1.0,0.0,0.0,1.0,0.0,0.0,0.0,1.0,0.0
0.0,0.0,0.0,0.0,0.0,0.0,0.0,0.0,0.0,0.0
0.0,0.0,0.0,0.0,0.0,0.0,0.0,0.0,0.0,0.0
0.07692307692307693,0.0,0.0,0.0,0.0,0.0,0.0,0.0,0.0,0.07692307692307693
0.0,0.0,0.0,0.0,0.0,0.0,0.0,0.0,0.0,0.0
0.0,0.0,0.0,0.0,0.0,0.0,0.0,0.0,0.0,0.0
0.0,0.0,0.0,0.0,0.0,0.0,0.0,0.0,0.0,0.0
0.0,0.0,0.0,0.0,0.0,0.0,0.0,0.0,0.0,0.0
0.0,0.03278688524590164,0.0,0.01639344262295082,0.01639344262295082,0.0,0.0,0.01639344262295082,0.03278688524590164,0.0
0.0,0.0,0.0,0.0,0.0,0.0,0.0,0.0,0.0,0.0
0.0,0.0,0.0,0.0,0.0,0.0,0.14285714285714285,0.0,0.0,0.0
0.0,0.25,0.0,0.0,0.125,0.0,0.0,0.0,0.125,0.0
0.0,0.0,0.0,0.0,0.0,0.0,0.0,0.0,0.0,0.0
0.0,0.0,0.0,0.0,0.041666666666666664,0.0,0.0,0.08333333333333333,0.16666666666666666,0.0
0.0,0.14285714285714285,0.0,0.0,0.21428571428571427,0.0,0.07142857142857142,0.14285714285714285,0.21428571428571427,0.0
0.0,0.0,0.0,0.16666666666666666,0.0,0.0,0.0,0.0,0.0,0.16666666666666666
0.03571428571428571,0.03571428571428571,0.03571428571428571,0.03571428571428571,0.03571428571428571,0.03571428571428571,0.0,0.07142857142857142,0.07142857142857142,0.0
0.0,0.02857142857142857,0.0,0.0,0.02857142857142857,0.0,0.0,0.0,0.02857142857142857,0.02857142857142857
0.0,0.1,0.0,0.0,0.1,0.0,0.0,0.0,0.1,0.0
0.0,0.0,0.0,0.0,0.0,0.0,0.0,0.0,0.0,0.0
0.0,0.0,0.0,0.0,0.0,0.0,0.0,0.0,0.0,0.0
0.0,0.16666666666666666,0.0,0.0,0.0,0.0,0.0,0.0,0.0,0.0
0.005847953216374269,0.029239766081871343,0.0,0.017543859649122806,0.005847953216374269,0.023391812865497075,0.0,0.011695906432748537,0.017543859649122806,0.03508771929824561
0.0049261083743842365,0.024630541871921183,0.0,0.019704433497536946,0.014778325123152709,0.014778325123152709,0.0,0.019704433497536946,0.024630541871921183,0.034482758620689655
0.0,0.0,0.0,0.0,0.0,0.0,0.0,0.0,0.0,0.0
0.0,0.09090909090909091,0.0,0.09090909090909091,0.09090909090909091,0.0,0.09090909090909091,0.09090909090909091,0.09090909090909091,0.09090909090909091
0.0,0.029197080291970802,0.0,0.0,0.029197080291970802,0.0072992700729927005,0.0072992700729927005,0.043795620437956206,0.051094890510948905,0.021897810218978103
0.018018018018018018,0.02702702702702703,0.036036036036036036,0.02702702702702703,0.009009009009009009,0.036036036036036036,0.009009009009009009,0.018018018018018018,0.009009009009009009,0.04504504504504504
0.0,0.0,0.0,0.0,0.0,0.0,0.14285714285714285,0.0,0.14285714285714285,0.0
0.0,0.0625,0.0,0.0,0.0625,0.0,0.0,0.0,0.125,0.0
0.0,0.02040816326530612,0.02040816326530612,0.02040816326530612,0.02040816326530612,0.0,0.0,0.02040816326530612,0.04081632653061224,0.04081632653061224
0.0,0.0,0.0,0.0,0.0,0.0,0.0,0.0,0.0,0.0
0.0625,0.03125,0.0,0.0625,0.03125,0.0,0.0,0.0625,0.0625,0.125
0.0,0.0,0.0,0.0,0.0,0.0,0.0,0.0,0.0,0.0
0.0,0.0,0.0,0.0,0.0,0.0,0.0,0.0,0.0,0.0
0.0,0.03571428571428571,0.0,0.0,0.07142857142857142,0.0,0.0,0.0,0.07142857142857142,0.0
0.0,0.0,0.0,0.0,0.0,0.0,0.0,0.0,0.0,0.0
0.0,0.0,0.0,0.05555555555555555,0.0,0.05555555555555555,0.0,0.0,0.0,0.05555555555555555
0.0,0.09090909090909091,0.0,0.0,0.09090909090909091,0.0,0.09090909090909091,0.09090909090909091,0.09090909090909091,0.09090909090909091
0.0,0.0,0.0,0.0,0.0,0.0,0.0,0.0,0.04,0.02
0.0,0.0,0.0,0.030303030303030304,0.0,0.0,0.0,0.0,0.0,0.06060606060606061
0.0,0.028735632183908046,0.0,0.0,0.022988505747126436,0.0,0.005747126436781609,0.028735632183908046,0.040229885057471264,0.011494252873563218
0.0,0.0,0.0,0.0,0.0,0.0,0.0,0.0,0.0,0.0
0.0,0.1,0.0,0.0,0.0,0.0,0.0,0.0,0.05,0.0
0.0,0.0,0.0,0.0,0.0,0.0,0.0,0.0,0.0,0.0
0.0,0.0,0.0,0.0,0.0,0.0,0.0,0.0,0.0,0.0
0.0,0.020833333333333332,0.0,0.0,0.020833333333333332,0.0,0.020833333333333332,0.020833333333333332,0.041666666666666664,0.020833333333333332
0.0,0.0,0.0,0.0,0.5,0.0,0.0,0.0,0.5,0.0
0.0,0.0,0.0,0.0,0.0,0.0,0.0,0.0,0.0,0.0
0.0,0.036585365853658534,0.0,0.0,0.024390243902439025,0.0,0.0,0.012195121951219513,0.04878048780487805,0.012195121951219513
0.0,0.0,0.0,0.0,0.0,0.0,0.0,0.0,0.0,0.0
0.0,0.14285714285714285,0.0,0.0,0.14285714285714285,0.0,0.0,0.0,0.2857142857142857,0.0
0.027777777777777776,0.027777777777777776,0.0,0.027777777777777776,0.027777777777777776,0.027777777777777776,0.027777777777777776,0.027777777777777776,0.027777777777777776,0.027777777777777776
0.0,0.041666666666666664,0.0,0.0,0.0625,0.0,0.041666666666666664,0.0625,0.0625,0.0
0.0,0.0,0.0,0.0,0.03225806451612903,0.0,0.0,0.0,0.06451612903225806,0.0
0.0,0.0,0.0,0.0,0.0,0.0,0.0,0.0,0.0,0.0
0.0,1.0,0.0,0.0,1.0,0.0,1.0,1.0,1.0,0.0
0.0,0.0,0.0,0.0,0.0,0.0,0.0,0.0,0.0,0.0
0.0,0.08333333333333333,0.0,0.0,0.08333333333333333,0.0,0.041666666666666664,0.041666666666666664,0.08333333333333333,0.0
0.0,0.16666666666666666,0.0,0.0,0.16666666666666666,0.0,0.16666666666666666,0.16666666666666666,0.16666666666666666,0.0
0.0,0.0,0.0,0.0,0.0,0.0,0.0,0.034482758620689655,0.034482758620689655,0.0
0.0,1.0,0.0,0.0,1.0,0.0,0.0,0.0,1.0,0.0
0.0,0.07317073170731707,0.0,0.0,0.024390243902439025,0.0,0.0,0.024390243902439025,0.07317073170731707,0.04878048780487805
0.0,0.04597701149425287,0.0,0.0,0.04597701149425287,0.0,0.011494252873563218,0.04597701149425287,0.06896551724137931,0.022988505747126436
0.0,0.0,0.0,0.0,0.0,0.0,0.0,0.0,0.0,0.0
0.0,0.02702702702702703,0.0,0.0,0.02702702702702703,0.0,0.0,0.0,0.02702702702702703,0.0
0.0,0.0,0.0,0.0,0.0,0.0,0.0,0.0,0.0,0.0
0.0,0.0,0.0,0.0,0.0,0.0,0.0,0.0,0.0,0.0
0.0,0.0,0.0,0.023809523809523808,0.0,0.0,0.0,0.023809523809523808,0.047619047619047616,0.0
0.0,0.0,0.0,0.0,0.0,0.0,0.0,0.0,0.041666666666666664,0.0
0.0,0.0,0.0,0.0,0.0,0.0,0.0,0.0,0.0,0.0
0.0,0.058823529411764705,0.0,0.058823529411764705,0.058823529411764705,0.0,0.0,0.058823529411764705,0.11764705882352941,0.0
0.01818181818181818,0.01818181818181818,0.01818181818181818,0.0,0.01818181818181818,0.0,0.0,0.0,0.01818181818181818,0.03636363636363636
0.0,0.0,0.0,0.0,0.0,0.0,0.0,0.0,0.0,0.0
0.0,0.0,0.0,0.0,0.0,0.0,0.0,0.0,0.0,0.0
0.03125,0.03125,0.0,0.03125,0.0625,0.03125,0.0,0.03125,0.0625,0.03125
0.0,0.15384615384615385,0.0,0.0,0.07692307692307693,0.0,0.07692307692307693,0.07692307692307693,0.07692307692307693,0.07692307692307693
0.0,0.01818181818181818,0.0,0.00909090909090909,0.01818181818181818,0.00909090909090909,0.0,0.03636363636363636,0.06363636363636363,0.00909090909090909
0.06060606060606061,0.0,0.0,0.06060606060606061,0.0,0.0,0.0,0.0,0.030303030303030304,0.09090909090909091
0.00411522633744856,0.02880658436213992,0.0,0.0,0.0205761316872428,0.0,0.012345679012345678,0.024691358024691357,0.037037037037037035,0.00823045267489712
0.0,0.0,0.0,0.0,0.0,0.1,0.0,0.0,0.0,0.1
0.03333333333333333,0.03333333333333333,0.06666666666666667,0.03333333333333333,0.03333333333333333,0.06666666666666667,0.0,0.03333333333333333,0.03333333333333333,0.06666666666666667
0.0,0.0,0.0,0.0,0.0,0.0,0.0,0.0,0.0,0.0
0.013157894736842105,0.039473684210526314,0.013157894736842105,0.02631578947368421,0.013157894736842105,0.013157894736842105,0.0,0.013157894736842105,0.013157894736842105,0.013157894736842105
0.0,0.0,0.0,0.07142857142857142,0.0,0.07142857142857142,0.0,0.0,0.0,0.07142857142857142
0.014492753623188406,0.043478260869565216,0.0,0.028985507246376812,0.0,0.0,0.014492753623188406,0.043478260869565216,0.043478260869565216,0.028985507246376812
0.0,0.0,0.0,0.0,0.0,0.0,0.09090909090909091,0.0,0.0,0.0
0.0,0.0,0.0,0.0,0.0,0.0,0.0,0.0,0.0,0.0
0.0,0.0,0.0,0.0,0.0,0.0,0.0,0.0,0.0,0.0
0.0,0.5,0.0,0.0,0.0,0.0,0.0,0.0,0.0,0.0
0.05,0.1,0.05,0.05,0.15,0.05,0.0,0.05,0.15,0.05
0.0,0.0,0.0,0.0,0.06896551724137931,0.0,0.0,0.034482758620689655,0.06896551724137931,0.0
0.0,0.0625,0.0,0.041666666666666664,0.020833333333333332,0.0,0.020833333333333332,0.020833333333333332,0.020833333333333332,0.041666666666666664
0.0,0.5,0.0,0.0,0.5,0.0,0.0,0.0,0.5,0.0
0.3333333333333333,0.0,0.3333333333333333,0.0,0.0,0.0,0.0,0.0,0.3333333333333333,0.3333333333333333
0.0,0.0,0.0,0.0,0.0,0.0,0.0,0.0,0.0,0.0
0.0,0.030303030303030304,0.0,0.030303030303030304,0.030303030303030304,0.030303030303030304,0.015151515151515152,0.015151515151515152,0.07575757575757576,0.045454545454545456
0.0,0.0,0.0,0.041666666666666664,0.041666666666666664,0.0,0.0,0.041666666666666664,0.041666666666666664,0.0
0.0,0.03296703296703297,0.01098901098901099,0.02197802197802198,0.02197802197802198,0.01098901098901099,0.0,0.01098901098901099,0.04395604395604396,0.02197802197802198
0.0,0.0,0.0,0.0,0.0,0.0,0.0,0.0,0.0,0.0
0.0,0.0,1.0,0.0,0.0,1.0,0.0,0.0,0.0,1.0
0.0,0.0,0.0,0.0,0.0,0.0,0.0,0.0,0.0,0.25
0.1111111111111111,0.0,0.1111111111111111,0.18518518518518517,0.0,0.18518518518518517,0.037037037037037035,0.0,0.0,0.2222222222222222
0.0,0.029850746268656716,0.0,0.0,0.029850746268656716,0.0,0.0,0.04477611940298507,0.05970149253731343,0.04477611940298507
0.0,0.0,0.0,0.0,0.0,0.0,0.0,0.0,0.0,0.0
0.0,0.0,0.0,0.0,0.0,0.0,0.0,0.0,0.0,0.0
0.0,0.0,0.0,0.017543859649122806,0.0,0.017543859649122806,0.017543859649122806,0.0,0.0,0.017543859649122806
0.00625,0.01875,0.0,0.0,0.025,0.00625,0.0,0.01875,0.0375,0.03125
0.019230769230769232,0.038461538461538464,0.0,0.019230769230769232,0.04807692307692308,0.019230769230769232,0.019230769230769232,0.057692307692307696,0.0673076923076923,0.038461538461538464
0.01098901098901099,0.03296703296703297,0.014652014652014652,0.007326007326007326,0.01098901098901099,0.007326007326007326,0.01098901098901099,0.029304029304029304,0.03296703296703297,0.02564102564102564
0.0,0.025423728813559324,0.0,0.0,0.00847457627118644,0.0,0.0,0.01694915254237288,0.03389830508474576,0.01694915254237288
0.018518518518518517,0.0,0.018518518518518517,0.018518518518518517,0.0,0.0,0.0,0.0,0.0,0.05555555555555555
0.0,0.0,0.2,0.0,0.0,0.2,0.0,0.0,0.0,0.2
0.05,0.05,0.025,0.05,0.0,0.025,0.025,0.0,0.0,0.075
0.003703703703703704,0.03333333333333333,0.014814814814814815,0.014814814814814815,0.014814814814814815,0.003703703703703704,0.003703703703703704,0.025925925925925925,0.040740740740740744,0.05185185185185185
0.0,0.0,0.0,0.0,0.0,0.0,0.0,0.0,0.0,0.0
0.0,0.047619047619047616,0.047619047619047616,0.0,0.0,0.0,0.0,0.0,0.047619047619047616,0.14285714285714285
0.015151515151515152,0.007575757575757576,0.007575757575757576,0.015151515151515152,0.007575757575757576,0.007575757575757576,0.007575757575757576,0.015151515151515152,0.022727272727272728,0.045454545454545456
0.0,0.0,0.0,0.0,0.0,0.0,0.0,0.0,0.0,0.0
0.0,0.04411764705882353,0.0,0.0,0.014705882352941176,0.0,0.0,0.014705882352941176,0.029411764705882353,0.058823529411764705
0.5,0.0,0.5,0.5,0.0,0.5,0.0,0.0,0.0,0.5
0.05555555555555555,0.05555555555555555,0.0,0.0,0.05555555555555555,0.05555555555555555,0.0,0.0,0.05555555555555555,0.1111111111111111
0.0,0.0,0.0,0.0,0.0,0.0,0.0,0.0,0.0,0.0
0.0,0.0,0.0,0.0,0.0,0.0,0.0,0.07894736842105263,0.0,0.0
0.0,0.10526315789473684,0.0,0.0,0.0,0.0,0.0,0.0,0.05263157894736842,0.0
0.011363636363636364,0.022727272727272728,0.0,0.0,0.045454545454545456,0.011363636363636364,0.0,0.045454545454545456,0.056818181818181816,0.022727272727272728
0.05102040816326531,0.05102040816326531,0.05102040816326531,0.07142857142857142,0.030612244897959183,0.061224489795918366,0.0,0.02040816326530612,0.05102040816326531,0.11224489795918367
0.0,0.03571428571428571,0.0,0.0,0.0,0.0,0.0,0.0,0.0,0.0
0.0,0.030303030303030304,0.0,0.0,0.030303030303030304,0.0,0.030303030303030304,0.030303030303030304,0.030303030303030304,0.030303030303030304
0.0,0.0,0.0,0.02631578947368421,0.0,0.02631578947368421,0.013157894736842105,0.0,0.0,0.02631578947368421
0.0,0.0,0.0,0.0,0.0,0.0,0.0,0.0,0.0,0.0
0.0,0.017543859649122806,0.0,0.0,0.017543859649122806,0.0,0.017543859649122806,0.03508771929824561,0.05263157894736842,0.0
0.2,0.2,0.2,0.0,0.0,0.0,0.0,0.2,0.0,0.2
0.14285714285714285,0.0,0.14285714285714285,0.0,0.0,0.0,0.0,0.0,0.0,0.2857142857142857
0.010582010582010581,0.015873015873015872,0.0026455026455026454,0.015873015873015872,0.015873015873015872,0.0026455026455026454,0.007936507936507936,0.021164021164021163,0.042328042328042326,0.026455026455026454
0.0,0.02912621359223301,0.0,0.009708737864077669,0.038834951456310676,0.0,0.009708737864077669,0.04854368932038835,0.05825242718446602,0.009708737864077669
0.005555555555555556,0.03333333333333333,0.0,0.011111111111111112,0.019444444444444445,0.008333333333333333,0.011111111111111112,0.03888888888888889,0.044444444444444446,0.022222222222222223
0.03571428571428571,0.0,0.0,0.017857142857142856,0.017857142857142856,0.017857142857142856,0.0,0.03571428571428571,0.05357142857142857,0.07142857142857142
0.030303030303030304,0.030303030303030304,0.0,0.030303030303030304,0.030303030303030304,0.030303030303030304,0.06060606060606061,0.030303030303030304,0.030303030303030304,0.030303030303030304
0.0,0.3333333333333333,0.0,0.0,0.3333333333333333,0.0,0.0,0.3333333333333333,0.3333333333333333,0.0
0.0,0.0,0.0,0.0,0.0,0.0,0.0,0.0,0.0,0.2
0.014285714285714285,0.05714285714285714,0.0,0.0,0.04285714285714286,0.0,0.014285714285714285,0.11428571428571428,0.08571428571428572,0.0
0.0,0.03571428571428571,0.0,0.03571428571428571,0.0,0.03571428571428571,0.0,0.0,0.0,0.03571428571428571
0.0,0.05263157894736842,0.0,0.0,0.0,0.0,0.0,0.0,0.05263157894736842,0.0
0.03125,0.0625,0.03125,0.0,0.0,0.0,0.0,0.0,0.125,0.0625
0.0,0.02857142857142857,0.02857142857142857,0.0,0.0,0.0,0.0,0.0,0.02857142857142857,0.02857142857142857
0.0,0.0,0.0,0.0,0.0,0.0,0.0,0.1111111111111111,0.0,0.0
0.0,0.125,0.0,0.0,0.125,0.0,0.0,0.125,0.125,0.0
0.0,0.0,0.0,0.0,0.0,0.0,0.0,0.0,0.125,0.0
0.0,0.02066115702479339,0.004132231404958678,0.02066115702479339,0.028925619834710745,0.004132231404958678,0.008264462809917356,0.0371900826446281,0.045454545454545456,0.028925619834710745
0.045454545454545456,0.045454545454545456,0.0,0.0,0.045454545454545456,0.0,0.0,0.045454545454545456,0.045454545454545456,0.045454545454545456
0.25,0.0,0.25,0.25,0.0,0.25,0.0,0.0,0.0,0.25
0.0,0.0,0.0,0.0,0.0,0.0,0.0,0.125,0.125,0.0
0.014492753623188406,0.05434782608695652,0.0,0.007246376811594203,0.036231884057971016,0.0036231884057971015,0.021739130434782608,0.03260869565217391,0.050724637681159424,0.028985507246376812
0.010273972602739725,0.03424657534246575,0.010273972602739725,0.010273972602739725,0.030821917808219176,0.00684931506849315,0.010273972602739725,0.0684931506849315,0.0547945205479452,0.05136986301369863
0.0,0.0,0.0,0.0,0.0,0.0,0.0,0.0,0.0,0.0
0.00641025641025641,0.019230769230769232,0.003205128205128205,0.003205128205128205,0.022435897435897436,0.0,0.009615384615384616,0.035256410256410256,0.035256410256410256,0.016025641025641024
0.04,0.04,0.08,0.08,0.0,0.04,0.04,0.0,0.04,0.08
0.029411764705882353,0.0,0.058823529411764705,0.0,0.0,0.029411764705882353,0.0,0.0,0.029411764705882353,0.11764705882352941
0.0,0.0,0.0,0.0,0.0,0.0,0.0,0.0,0.0,0.0
0.031088082901554404,0.025906735751295335,0.03626943005181347,0.03626943005181347,0.025906735751295335,0.025906735751295335,0.02072538860103627,0.015544041450777202,0.031088082901554404,0.08290155440414508
1.0,0.0,1.0,0.0,0.0,0.0,0.0,0.0,0.0,1.0
0.0,0.06,0.0,0.02,0.0,0.02,0.0,0.01,0.07,0.03
0.0,0.0,0.0,0.0,0.0,0.09090909090909091,0.0,0.0,0.0,0.09090909090909091
0.0,0.06666666666666667,0.0,0.0,0.06666666666666667,0.0,0.03333333333333333,0.03333333333333333,0.06666666666666667,0.0
0.03125,0.0,0.0,0.03125,0.03125,0.03125,0.0,0.125,0.03125,0.03125
0.01818181818181818,0.01818181818181818,0.0,0.0,0.01818181818181818,0.0,0.01818181818181818,0.05454545454545454,0.01818181818181818,0.0
0.03225806451612903,0.06451612903225806,0.03225806451612903,0.03225806451612903,0.06451612903225806,0.0,0.0,0.03225806451612903,0.06451612903225806,0.03225806451612903
0.019801980198019802,0.0297029702970297,0.019801980198019802,0.009900990099009901,0.0297029702970297,0.009900990099009901,0.009900990099009901,0.039603960396039604,0.039603960396039604,0.039603960396039604
0.0,0.0,0.0,0.0,0.03225806451612903,0.0,0.0,0.03225806451612903,0.043010752688172046,0.010752688172043012
0.0,0.0,0.0,0.015625,0.0,0.0,0.0,0.0,0.0,0.015625
0.0,0.0,0.0,0.0,0.0,0.0,0.0,0.0,0.07692307692307693,0.0
0.0,0.05,0.0,0.0,0.0,0.0,0.0,0.0,0.0,0.1
0.0,0.0,0.047619047619047616,0.0,0.0,0.0,0.0,0.0,0.0,0.047619047619047616
0.02857142857142857,0.0,0.02857142857142857,0.0,0.0,0.0,0.0,0.02857142857142857,0.02857142857142857,0.02857142857142857
0.0,0.0,0.0,0.0,0.0,0.0,0.0,0.0,0.0,0.06666666666666667
0.0,0.0,0.0,0.0,0.0,0.0,0.0,0.0,0.0,0.3333333333333333
0.0,0.02702702702702703,0.0,0.0,0.02702702702702703,0.0,0.02702702702702703,0.08108108108108109,0.08108108108108109,0.0
0.0,0.25,0.0,0.0,0.25,0.0,0.0,0.25,0.25,0.0
0.007042253521126761,0.04929577464788732,0.014084507042253521,0.014084507042253521,0.014084507042253521,0.0,0.014084507042253521,0.014084507042253521,0.04225352112676056,0.02112676056338028
0.16666666666666666,0.0,0.16666666666666666,0.0,0.0,0.0,0.0,0.0,0.0,0.16666666666666666
0.0,0.0,0.0,0.0,0.2,0.0,0.0,0.2,0.2,0.0
0.0,0.0,0.0,0.0,0.0,0.0,0.0,0.0,0.0,0.0
0.0,0.0,0.0,0.0,0.0,0.0,0.0,0.0,0.07142857142857142,0.0
0.0,0.0,0.0,0.0,0.0,0.0,0.0,0.0,0.0,0.0
0.03225806451612903,0.021505376344086023,0.021505376344086023,0.010752688172043012,0.03225806451612903,0.010752688172043012,0.0,0.06451612903225806,0.07526881720430108,0.043010752688172046
0.0,0.0,0.0,0.0,0.0,0.0,0.0,0.0,0.0,0.0
0.04,0.0,0.06,0.06,0.0,0.04,0.0,0.0,0.02,0.1
0.0,0.0,0.0,0.0,0.0,0.0,0.0,0.0,0.025,0.0
0.0,0.0,0.0,0.0,0.0,0.0,0.0,0.0,0.0,0.0
0.0,0.0,0.0,0.0,0.0,0.0,0.0,0.0,0.0,0.0
0.007692307692307693,0.007692307692307693,0.007692307692307693,0.007692307692307693,0.015384615384615385,0.007692307692307693,0.0,0.023076923076923078,0.023076923076923078,0.015384615384615385
0.0,0.04,0.01,0.01,0.03,0.0,0.02,0.03,0.04,0.01
0.0,0.07142857142857142,0.0,0.07142857142857142,0.0,0.0,0.0,0.0,0.07142857142857142,0.07142857142857142
0.010435850214855739,0.020871700429711478,0.0055248618784530384,0.006138735420503376,0.011663597298956415,0.004910988336402701,0.007366482504604052,0.020257826887661142,0.03437691835481891,0.02332719459791283
0.0,0.0,0.0,0.0,0.0,0.0,0.0,0.0,0.07692307692307693,0.0
0.0,0.0,0.0,0.07692307692307693,0.0,0.0,0.0,0.0,0.0,0.15384615384615385
0.05,0.1,0.0,0.0,0.0,0.0,0.0,0.05,0.0,0.1
0.005847953216374269,0.029239766081871343,0.005847953216374269,0.005847953216374269,0.023391812865497075,0.005847953216374269,0.023391812865497075,0.023391812865497075,0.05263157894736842,0.005847953216374269
0.01620745542949757,0.01620745542949757,0.004862236628849271,0.011345218800648298,0.011345218800648298,0.006482982171799027,0.008103727714748784,0.02106969205834684,0.03241491085899514,0.03241491085899514
0.0,0.014925373134328358,0.0,0.0,0.04477611940298507,0.0,0.0,0.05970149253731343,0.05970149253731343,0.0
0.0,0.0,0.0,0.0,0.0,0.0,0.0,0.0,0.0,0.0
0.028169014084507043,0.028169014084507043,0.028169014084507043,0.028169014084507043,0.014084507042253521,0.0,0.0,0.0,0.04225352112676056,0.07042253521126761
0.0,0.0,0.0,0.0,0.0,0.0,0.0,0.0,0.058823529411764705,0.0
0.0,0.0,0.0,0.0,0.0,0.0,0.0,0.0,0.0,0.0
0.0,0.047619047619047616,0.0,0.0,0.047619047619047616,0.0,0.0,0.0,0.09523809523809523,0.047619047619047616
0.0,0.0,0.0,0.0,0.0,0.0,0.0,0.0,0.0,0.0
0.0,0.0,0.0,0.043478260869565216,0.0,0.043478260869565216,0.0,0.0,0.0,0.06521739130434782
0.03225806451612903,0.012903225806451613,0.03225806451612903,0.03225806451612903,0.012903225806451613,0.03225806451612903,0.012903225806451613,0.025806451612903226,0.025806451612903226,0.03870967741935484
0.0,0.017857142857142856,0.0,0.017857142857142856,0.0,0.017857142857142856,0.0,0.05357142857142857,0.017857142857142856,0.017857142857142856
0.020833333333333332,0.020833333333333332,0.027777777777777776,0.020833333333333332,0.006944444444444444,0.027777777777777776,0.0,0.027777777777777776,0.027777777777777776,0.0625
0.025974025974025976,0.012987012987012988,0.05194805194805195,0.05194805194805195,0.0,0.025974025974025976,0.012987012987012988,0.025974025974025976,0.03896103896103896,0.06493506493506493
0.02,0.03,0.01,0.02,0.03,0.01,0.01,0.05,0.06,0.04
0.007058823529411765,0.03294117647058824,0.004705882352941176,0.01411764705882353,0.018823529411764704,0.007058823529411765,0.01411764705882353,0.042352941176470586,0.03058823529411765,0.021176470588235293
0.05555555555555555,0.0,0.05555555555555555,0.05555555555555555,0.0,0.05555555555555555,0.0,0.05555555555555555,0.0,0.16666666666666666
0.0,0.0,0.0,0.0,0.0,0.0,0.0,0.0,0.0,0.0
0.0,0.0,0.07142857142857142,0.07142857142857142,0.0,0.14285714285714285,0.0,0.0,0.0,0.21428571428571427
0.024271844660194174,0.014563106796116505,0.014563106796116505,0.014563106796116505,0.009708737864077669,0.009708737864077669,0.0048543689320388345,0.009708737864077669,0.024271844660194174,0.043689320388349516
0.0,0.0,0.0,0.14285714285714285,0.0,0.0,0.0,0.0,0.0,0.14285714285714285
0.02564102564102564,0.0,0.017094017094017096,0.02564102564102564,0.008547008547008548,0.017094017094017096,0.0,0.02564102564102564,0.03418803418803419,0.03418803418803419
0.0,0.058823529411764705,0.058823529411764705,0.058823529411764705,0.058823529411764705,0.058823529411764705,0.058823529411764705,0.058823529411764705,0.17647058823529413,0.058823529411764705
0.0,0.09523809523809523,0.0,0.0,0.0,0.0,0.0,0.0,0.0,0.09523809523809523
0.0,0.0,0.0,0.0,0.0,0.0,0.0,0.0,0.0,0.0
0.0,0.012345679012345678,0.0,0.00411522633744856,0.012345679012345678,0.0,0.00411522633744856,0.01646090534979424,0.02880658436213992,0.00411522633744856
0.0,0.0,0.0,0.0,0.0,0.0,0.0,0.0,0.0,0.0
0.07142857142857142,0.21428571428571427,0.0,0.0,0.14285714285714285,0.0,0.07142857142857142,0.14285714285714285,0.14285714285714285,0.14285714285714285
0.0,0.02158273381294964,0.0,0.0,0.0,0.0,0.0,0.007194244604316547,0.014388489208633094,0.0
0.0,0.0,0.0,0.0,0.0,0.0,0.0,0.07692307692307693,0.0,0.0
0.0,0.0,0.0,0.0,0.0,0.0,0.0,0.027777777777777776,0.0,0.0
0.2857142857142857,0.0,0.2857142857142857,0.2857142857142857,0.0,0.2857142857142857,0.0,0.0,0.0,0.2857142857142857
0.00980392156862745,0.0,0.00980392156862745,0.0392156862745098,0.0,0.029411764705882353,0.0,0.00980392156862745,0.00980392156862745,0.0392156862745098
0.012195121951219513,0.036585365853658534,0.0,0.036585365853658534,0.012195121951219513,0.012195121951219513,0.0,0.012195121951219513,0.012195121951219513,0.04878048780487805
0.0,0.0,0.03571428571428571,0.03571428571428571,0.0,0.07142857142857142,0.0,0.0,0.0,0.10714285714285714
0.5,0.0,0.5,0.5,0.0,0.5,0.0,0.0,0.0,0.5
0.0,0.0,0.0,0.0,0.07692307692307693,0.0,0.07692307692307693,0.0,0.07692307692307693,0.0
0.005128205128205128,0.03076923076923077,0.0,0.005128205128205128,0.015384615384615385,0.005128205128205128,0.005128205128205128,0.015384615384615385,0.07692307692307693,0.02564102564102564
0.015384615384615385,0.015384615384615385,0.007692307692307693,0.015384615384615385,0.015384615384615385,0.0038461538461538464,0.011538461538461539,0.023076923076923078,0.04230769230769231,0.03461538461538462
0.0,0.0,0.0,0.0,0.0,0.0,0.0,0.0,0.0,0.0
0.0196078431372549,0.058823529411764705,0.0,0.0196078431372549,0.0392156862745098,0.0196078431372549,0.0196078431372549,0.058823529411764705,0.0392156862745098,0.0196078431372549
0.08333333333333333,0.0,0.16666666666666666,0.0,0.0,0.08333333333333333,0.0,0.0,0.0,0.16666666666666666
0.0,0.125,0.0,0.0,0.08333333333333333,0.0,0.0,0.041666666666666664,0.08333333333333333,0.041666666666666664
0.0,0.0,0.0,0.06451612903225806,0.0,0.03225806451612903,0.0,0.0,0.0,0.06451612903225806
0.0038022813688212928,0.0038022813688212928,0.0076045627376425855,0.0038022813688212928,0.011406844106463879,0.0038022813688212928,0.0038022813688212928,0.015209125475285171,0.030418250950570342,0.0038022813688212928
0.0,0.0,0.0,0.0,0.0,0.0,0.0,0.0,0.0,0.0
0.0,0.10714285714285714,0.03571428571428571,0.03571428571428571,0.03571428571428571,0.03571428571428571,0.0,0.10714285714285714,0.14285714285714285,0.03571428571428571
0.0,0.0,0.0,0.0,0.0,0.0,0.0,0.0,0.0,0.0
0.0,0.02,0.0,0.0,0.0,0.0,0.0,0.04,0.0,0.0
0.125,0.0,0.125,0.0,0.0,0.125,0.0,0.0,0.0,0.125
0.0,0.0,0.0,0.0,0.0,0.0,0.0,0.027777777777777776,0.0,0.0
0.0,0.15384615384615385,0.0,0.0,0.07692307692307693,0.0,0.0,0.0,0.07692307692307693,0.0
0.0,0.0,0.0,0.0,0.0,0.0,0.0,0.0,0.0,0.3333333333333333
0.041666666666666664,0.08333333333333333,0.020833333333333332,0.020833333333333332,0.041666666666666664,0.020833333333333332,0.020833333333333332,0.10416666666666667,0.10416666666666667,0.020833333333333332
0.024390243902439025,0.036585365853658534,0.0,0.024390243902439025,0.036585365853658534,0.012195121951219513,0.0,0.012195121951219513,0.04878048780487805,0.04878048780487805
0.018518518518518517,0.018518518518518517,0.0,0.05555555555555555,0.018518518518518517,0.05555555555555555,0.018518518518518517,0.0,0.018518518518518517,0.05555555555555555
0.0,0.0,0.0,0.0,0.0,0.0,0.0,0.0,0.0,0.0
0.0,0.0,0.0,0.0,0.0,0.0,0.0,0.0,0.0,0.0
0.0,0.0,0.0,0.0,0.0,0.0,0.0,0.0,0.0,0.0
0.0,0.05555555555555555,0.027777777777777776,0.027777777777777776,0.05555555555555555,0.0,0.027777777777777776,0.05555555555555555,0.08333333333333333,0.05555555555555555
0.0,0.0,0.0,0.0,0.0,0.0,0.0,0.0,0.0,0.0
0.0,0.045454545454545456,0.0,0.0,0.045454545454545456,0.0,0.0,0.0,0.045454545454545456,0.0
0.16666666666666666,0.0,0.16666666666666666,0.16666666666666666,0.0,0.16666666666666666,0.0,0.0,0.0,0.16666666666666666
0.0,0.0,0.07142857142857142,0.0,0.0,0.07142857142857142,0.0,0.0,0.0,0.07142857142857142
0.0,0.0,0.0,0.02857142857142857,0.0,0.0,0.0,0.02857142857142857,0.02857142857142857,0.0
0.03669724770642202,0.03669724770642202,0.009174311926605505,0.045871559633027525,0.027522935779816515,0.027522935779816515,0.045871559633027525,0.045871559633027525,0.03669724770642202,0.08256880733944955
0.003003003003003003,0.018018018018018018,0.006006006006006006,0.009009009009009009,0.012012012012012012,0.003003003003003003,0.009009009009009009,0.03303303303303303,0.03903903903903904,0.015015015015015015
0.0,0.0,0.0,0.0,0.0,0.0,0.0,0.0,0.0,0.0
0.0,0.0,0.0,0.0,0.034482758620689655,0.0,0.0,0.017241379310344827,0.034482758620689655,0.0
0.0058823529411764705,0.023529411764705882,0.0,0.0058823529411764705,0.023529411764705882,0.01764705882352941,0.0058823529411764705,0.023529411764705882,0.023529411764705882,0.01764705882352941
0.0,0.0,0.0,0.022222222222222223,0.022222222222222223,0.0,0.0,0.06666666666666667,0.06666666666666667,0.022222222222222223
0.0125,0.01875,0.0125,0.0125,0.0,0.0125,0.00625,0.00625,0.0125,0.01875
0.01020408163265306,0.02040816326530612,0.01020408163265306,0.01020408163265306,0.02040816326530612,0.015306122448979591,0.00510204081632653,0.015306122448979591,0.04591836734693878,0.025510204081632654
0.0,0.0,0.0,0.0,0.0,0.0,0.0,0.0,0.0,0.0
0.0,0.0,0.0,0.0,0.3333333333333333,0.0,0.0,0.3333333333333333,0.3333333333333333,0.3333333333333333
0.05263157894736842,0.10526315789473684,0.05263157894736842,0.10526315789473684,0.05263157894736842,0.10526315789473684,0.05263157894736842,0.05263157894736842,0.05263157894736842,0.15789473684210525
0.0,0.0,0.0,0.0,0.0,0.0,0.0,0.0,0.0,0.0
0.0,0.0,0.2,0.0,0.2,0.0,0.0,0.2,0.2,0.2
0.0,0.011494252873563218,0.011494252873563218,0.011494252873563218,0.034482758620689655,0.0,0.011494252873563218,0.022988505747126436,0.034482758620689655,0.011494252873563218
0.022222222222222223,0.05925925925925926,0.0,0.0,0.02962962962962963,0.007407407407407408,0.014814814814814815,0.037037037037037035,0.044444444444444446,0.014814814814814815
0.013054830287206266,0.02610966057441253,0.010443864229765013,0.018276762402088774,0.010443864229765013,0.007832898172323759,0.013054830287206266,0.018276762402088774,0.02610966057441253,0.020887728459530026
0.0,0.0,0.3333333333333333,0.3333333333333333,0.0,0.0,0.0,0.0,0.0,0.3333333333333333
0.0,0.0,0.0,0.0,0.0,0.1111111111111111,0.0,0.0,0.0,0.1111111111111111
0.025974025974025976,0.012987012987012988,0.012987012987012988,0.0,0.025974025974025976,0.012987012987012988,0.0,0.025974025974025976,0.03896103896103896,0.05194805194805195
0.0,0.0,0.0,0.0,0.0,0.08333333333333333,0.0,0.0,0.0,0.08333333333333333
0.0,0.0,0.020833333333333332,0.0,0.0,0.0,0.0,0.0,0.041666666666666664,0.020833333333333332
0.014285714285714285,0.0,0.014285714285714285,0.0,0.014285714285714285,0.0,0.0,0.014285714285714285,0.02857142857142857,0.014285714285714285
0.0,0.03333333333333333,0.03333333333333333,0.0,0.0,0.0,0.0,0.0,0.0,0.03333333333333333
0.0,0.0,0.0,0.0,0.0,0.0,0.0,0.0,0.0,0.0
0.0,0.0,0.0,0.0,0.0,0.0,0.0,0.0,0.0,0.0
0.0,0.07142857142857142,0.0,0.0,0.0,0.0,0.0,0.0,0.0,0.07142857142857142
0.0,0.034482758620689655,0.0,0.0,0.0,0.0,0.0,0.0,0.0,0.0
0.0,0.04,0.0,0.0,0.0,0.02,0.0,0.0,0.0,0.02
0.013333333333333334,0.05333333333333334,0.0,0.02666666666666667,0.02666666666666667,0.02666666666666667,0.0,0.02666666666666667,0.06666666666666667,0.04
0.0,0.16666666666666666,0.0,0.0,0.16666666666666666,0.0,0.0,0.16666666666666666,0.16666666666666666,0.0
0.017341040462427744,0.011560693641618497,0.011560693641618497,0.017341040462427744,0.005780346820809248,0.005780346820809248,0.005780346820809248,0.017341040462427744,0.017341040462427744,0.04046242774566474
0.0,0.0,0.0,0.0,0.0,0.0,0.0,0.02631578947368421,0.0,0.0
0.0163265306122449,0.04897959183673469,0.02040816326530612,0.012244897959183673,0.024489795918367346,0.012244897959183673,0.0163265306122449,0.0326530612244898,0.036734693877551024,0.02857142857142857
0.0,0.0,0.0,0.0,0.0,0.0,0.0,0.0,0.0,0.0
0.0,0.0,0.0,0.0,0.0,0.0,0.0,0.0,0.0,0.0
0.0,0.0,0.0,0.0,0.0,0.0,0.0,0.3333333333333333,0.3333333333333333,0.0
0.0,0.0,0.0,0.0,0.0,0.0,0.0,0.0,0.0,0.0
0.0,0.06666666666666667,0.0,0.0,0.06666666666666667,0.06666666666666667,0.06666666666666667,0.0,0.13333333333333333,0.0
0.04054054054054054,0.013513513513513514,0.02702702702702703,0.04054054054054054,0.02702702702702703,0.02702702702702703,0.0,0.04054054054054054,0.05405405405405406,0.0945945945945946
0.0,0.0,0.0,0.0,0.0,0.0,0.0,0.0,0.0,0.0
0.0,0.0,0.0,0.0,0.5,0.0,0.0,0.0,0.5,0.0
0.01652892561983471,0.008264462809917356,0.024793388429752067,0.008264462809917356,0.008264462809917356,0.01652892561983471,0.0,0.008264462809917356,0.01652892561983471,0.024793388429752067
0.0,0.038461538461538464,0.0,0.0,0.0,0.0,0.0,0.0,0.0,0.0
0.01639344262295082,0.06557377049180328,0.01639344262295082,0.03278688524590164,0.06557377049180328,0.04918032786885246,0.03278688524590164,0.06557377049180328,0.08196721311475409,0.03278688524590164
0.0,0.0,0.0,0.0,0.0,0.0,0.0,0.0,0.0,0.0
0.0,0.0,0.0,0.0,0.0,0.0,0.0,0.0,0.0,0.0
0.0,0.019417475728155338,0.0,0.0,0.019417475728155338,0.019417475728155338,0.009708737864077669,0.02912621359223301,0.02912621359223301,0.038834951456310676
0.0,0.047619047619047616,0.023809523809523808,0.023809523809523808,0.0,0.047619047619047616,0.0,0.0,0.0,0.047619047619047616
0.017241379310344827,0.017241379310344827,0.017241379310344827,0.0,0.0,0.0,0.0,0.0,0.05172413793103448,0.017241379310344827
0.0,0.029411764705882353,0.029411764705882353,0.029411764705882353,0.058823529411764705,0.0,0.0,0.029411764705882353,0.058823529411764705,0.029411764705882353
0.022727272727272728,0.022727272727272728,0.0,0.022727272727272728,0.022727272727272728,0.0,0.022727272727272728,0.045454545454545456,0.045454545454545456,0.0
0.0,0.0,0.0,0.0,0.0,0.0,0.0,0.0,0.0,0.3333333333333333
0.0,0.0,0.0,0.0,0.0,0.0,0.0,0.0,0.16666666666666666,0.0
0.07692307692307693,0.0,0.07692307692307693,0.0,0.0,0.0,0.0,0.15384615384615385,0.07692307692307693,0.07692307692307693
0.043478260869565216,0.043478260869565216,0.043478260869565216,0.0,0.021739130434782608,0.0,0.043478260869565216,0.021739130434782608,0.06521739130434782,0.06521739130434782
0.015625,0.015625,0.03125,0.03125,0.0078125,0.03125,0.0078125,0.0078125,0.0078125,0.046875
0.019230769230769232,0.0,0.019230769230769232,0.0,0.0,0.019230769230769232,0.0,0.0,0.0,0.07692307692307693
0.0,0.028169014084507043,0.014084507042253521,0.0,0.0,0.0,0.0,0.0,0.014084507042253521,0.028169014084507043
0.0,0.0,0.0,0.0,0.0,0.0,0.0,0.0,0.0,0.0
0.011494252873563218,0.022988505747126436,0.0,0.0,0.011494252873563218,0.0,0.011494252873563218,0.011494252873563218,0.022988505747126436,0.0
0.04081632653061224,0.02040816326530612,0.02040816326530612,0.02040816326530612,0.0,0.02040816326530612,0.0,0.061224489795918366,0.061224489795918366,0.04081632653061224
0.0,0.0,0.0,0.0,0.0,0.0,0.0,0.0,0.0,0.0
0.05,0.0,0.05,0.0,0.0,0.0,0.0,0.03333333333333333,0.016666666666666666,0.05
0.009900990099009901,0.019801980198019802,0.009900990099009901,0.009900990099009901,0.0,0.019801980198019802,0.0,0.0297029702970297,0.009900990099009901,0.0297029702970297
0.0,0.0,0.0,0.0,0.0,0.0,0.0,0.0,0.0,0.0
0.01282051282051282,0.01282051282051282,0.0,0.02564102564102564,0.0,0.01282051282051282,0.01282051282051282,0.01282051282051282,0.038461538461538464,0.038461538461538464
0.0,0.07142857142857142,0.0,0.0,0.0,0.0,0.0,0.0,0.023809523809523808,0.023809523809523808
0.0,0.022900763358778626,0.0,0.0,0.007633587786259542,0.0,0.007633587786259542,0.030534351145038167,0.07633587786259542,0.007633587786259542
0.0,0.09090909090909091,0.0,0.0,0.09090909090909091,0.0,0.0,0.0,0.09090909090909091,0.0
0.034482758620689655,0.034482758620689655,0.0,0.0,0.0,0.0,0.0,0.0,0.0,0.034482758620689655
0.0,0.05,0.0,0.05,0.05,0.05,0.0,0.0,0.05,0.1
0.045454545454545456,0.08333333333333333,0.03787878787878788,0.045454545454545456,0.06060606060606061,0.045454545454545456,0.030303030303030304,0.06060606060606061,0.08333333333333333,0.045454545454545456
0.009523809523809525,0.0380952380952381,0.0,0.009523809523809525,0.0380952380952381,0.009523809523809525,0.009523809523809525,0.0380952380952381,0.0761904761904762,0.01904761904761905
0.008928571428571428,0.044642857142857144,0.008928571428571428,0.0,0.017857142857142856,0.0,0.008928571428571428,0.044642857142857144,0.044642857142857144,0.017857142857142856
0.0,0.0,0.0,0.0,0.0,0.0,0.0,0.0,0.0,0.0
0.0,0.0,0.0,0.0,0.0,0.0,0.0,0.0,0.0,0.25
0.0,0.0196078431372549,0.0,0.0,0.0196078431372549,0.0,0.0,0.0,0.0196078431372549,0.0
0.0,0.023809523809523808,0.0,0.0,0.007936507936507936,0.0,0.0,0.007936507936507936,0.031746031746031744,0.0
0.0,0.2,0.0,0.0,0.2,0.0,0.0,0.0,0.2,0.0
0.0,0.0,0.0,0.0,0.0,0.0,0.0,0.0,0.0,0.0
0.125,0.0,0.0,0.125,0.125,0.125,0.0,0.125,0.125,0.125
0.0,0.0,1.0,0.0,0.0,1.0,0.0,0.0,0.0,1.0
0.0,0.0,0.0,0.0,0.0,0.0,0.0,0.0,0.0,0.0
0.0,0.0,0.0,0.0,0.0,0.0,0.0,0.0,0.0,0.0
0.015151515151515152,0.030303030303030304,0.015151515151515152,0.030303030303030304,0.015151515151515152,0.030303030303030304,0.0,0.030303030303030304,0.030303030303030304,0.030303030303030304
0.0,0.0,0.0,0.0,0.0,0.0,0.0,0.10526315789473684,0.05263157894736842,0.0
0.0,0.056818181818181816,0.022727272727272728,0.045454545454545456,0.03409090909090909,0.03409090909090909,0.022727272727272728,0.056818181818181816,0.045454545454545456,0.09090909090909091
0.0,0.0,0.0,0.0,0.0,0.0,0.0,0.0,0.0,0.0
0.018779342723004695,0.014084507042253521,0.023474178403755867,0.014084507042253521,0.009389671361502348,0.018779342723004695,0.014084507042253521,0.03755868544600939,0.028169014084507043,0.04225352112676056
0.0,0.0,0.0,0.0,0.0,0.0,0.0,0.0,0.0,0.0
0.0,0.0,0.0,0.0,0.0,0.0,0.0,0.0,0.0,0.0
0.012422360248447204,0.012422360248447204,0.012422360248447204,0.012422360248447204,0.006211180124223602,0.012422360248447204,0.0,0.049689440993788817,0.018633540372670808,0.024844720496894408
0.0,0.0,0.0,0.018867924528301886,0.0,0.0,0.0,0.018867924528301886,0.03773584905660377,0.018867924528301886
0.25,0.0,0.25,0.25,0.0,0.25,0.0,0.0,0.0,0.25
0.0,0.02564102564102564,0.0,0.0,0.0,0.0,0.0,0.0,0.05128205128205128,0.02564102564102564
0.03409090909090909,0.011363636363636364,0.022727272727272728,0.0,0.045454545454545456,0.022727272727272728,0.011363636363636364,0.056818181818181816,0.056818181818181816,0.03409090909090909
0.0037313432835820895,0.0,0.0037313432835820895,0.0037313432835820895,0.0,0.0,0.0,0.0037313432835820895,0.011194029850746268,0.0037313432835820895
0.0,0.0,0.3333333333333333,0.0,0.0,0.3333333333333333,0.0,0.0,0.0,0.3333333333333333
0.03260869565217391,0.03260869565217391,0.010869565217391304,0.010869565217391304,0.021739130434782608,0.03260869565217391,0.010869565217391304,0.03260869565217391,0.05434782608695652,0.03260869565217391
0.043478260869565216,0.043478260869565216,0.043478260869565216,0.043478260869565216,0.043478260869565216,0.043478260869565216,0.0,0.043478260869565216,0.043478260869565216,0.0
0.0,0.0,0.0,0.0,0.0,0.0,0.0,0.1,0.1,0.1
0.0,0.0,0.0,0.0,0.0,0.0,0.0,0.0,0.0,0.16666666666666666
0.0,0.0,0.0,0.0,0.016666666666666666,0.0,0.0,0.016666666666666666,0.016666666666666666,0.0
0.1,0.0,0.1,0.0,0.0,0.0,0.0,0.0,0.0,0.2
0.0,0.0,0.0,0.0,0.0,0.0,0.0,0.0,0.0,0.0
0.04395604395604396,0.054945054945054944,0.02197802197802198,0.02197802197802198,0.01098901098901099,0.03296703296703297,0.06593406593406594,0.02197802197802198,0.02197802197802198,0.08791208791208792
0.0,0.0,0.0,0.0,0.03125,0.0,0.0,0.03125,0.03125,0.03125
0.0625,0.0625,0.03125,0.0625,0.0625,0.0,0.0,0.0625,0.0625,0.03125
0.0,0.0,0.0,0.0,0.0,0.0,0.0,0.0,0.0,0.0
0.045454545454545456,0.0,0.045454545454545456,0.045454545454545456,0.045454545454545456,0.045454545454545456,0.0,0.045454545454545456,0.045454545454545456,0.09090909090909091
0.0,0.07142857142857142,0.0,0.03571428571428571,0.017857142857142856,0.017857142857142856,0.017857142857142856,0.017857142857142856,0.07142857142857142,0.07142857142857142
0.0,0.03529411764705882,0.0,0.011764705882352941,0.03529411764705882,0.011764705882352941,0.0,0.011764705882352941,0.047058823529411764,0.023529411764705882
0.0,0.07692307692307693,0.0,0.0,0.0,0.0,0.0,0.07692307692307693,0.23076923076923078,0.07692307692307693
0.025210084033613446,0.03361344537815126,0.01680672268907563,0.01680672268907563,0.03361344537815126,0.01680672268907563,0.025210084033613446,0.06722689075630252,0.08403361344537816,0.07563025210084033
0.0,0.0,0.0,0.0,0.0,0.0,0.0,0.0,0.0,0.0
0.018518518518518517,0.0,0.0,0.05555555555555555,0.0,0.037037037037037035,0.0,0.037037037037037035,0.05555555555555555,0.09259259259259259
0.02702702702702703,0.013513513513513514,0.013513513513513514,0.013513513513513514,0.0,0.02702702702702703,0.0,0.013513513513513514,0.0,0.04054054054054054
0.0,0.030303030303030304,0.0,0.030303030303030304,0.030303030303030304,0.0,0.0,0.0,0.06060606060606061,0.06060606060606061
0.0,0.0,0.14285714285714285,0.0,0.0,0.14285714285714285,0.0,0.0,0.0,0.14285714285714285
0.06666666666666667,0.0,0.06666666666666667,0.13333333333333333,0.0,0.06666666666666667,0.0,0.06666666666666667,0.06666666666666667,0.13333333333333333
0.08333333333333333,0.0,0.041666666666666664,0.08333333333333333,0.041666666666666664,0.041666666666666664,0.0,0.0,0.041666666666666664,0.08333333333333333
0.008064516129032258,0.008064516129032258,0.0,0.016129032258064516,0.008064516129032258,0.008064516129032258,0.0,0.024193548387096774,0.03225806451612903,0.056451612903225805
0.07017543859649122,0.017543859649122806,0.07017543859649122,0.07017543859649122,0.0,0.017543859649122806,0.0,0.15789473684210525,0.08771929824561403,0.12280701754385964
0.0,0.043478260869565216,0.0,0.0,0.043478260869565216,0.0,0.0,0.0,0.043478260869565216,0.0
0.0,0.0,0.0,0.0,0.0,0.0,0.0,0.0,0.0,0.0
0.0,0.0,0.0,0.0,0.0,0.0,0.0,0.5,0.0,0.5
0.0,0.0,0.0,0.0,0.0,0.0,0.0,0.0,0.0,0.0
0.0,0.0,0.0,0.0,0.0,0.0,0.0,0.3333333333333333,0.3333333333333333,0.0
0.0,0.0,0.0,0.0,0.0,0.0,0.0,0.0,0.0,0.0
0.0273972602739726,0.00684931506849315,0.00684931506849315,0.02054794520547945,0.00684931506849315,0.0,0.0,0.0273972602739726,0.03424657534246575,0.03424657534246575
0.0,0.05555555555555555,0.0,0.0,0.027777777777777776,0.0,0.0,0.027777777777777776,0.027777777777777776,0.0
0.0,0.0,0.0,0.0,0.0,0.0,0.0,0.0,0.0,0.0
0.0,0.09090909090909091,0.0,0.0,0.0,0.0,0.0,0.0,0.0,0.0
0.0,0.0,0.0,0.0,0.0,0.0,0.0,0.0625,0.0625,0.0625
0.0,0.08571428571428572,0.0,0.02857142857142857,0.02857142857142857,0.02857142857142857,0.04285714285714286,0.05714285714285714,0.07142857142857142,0.05714285714285714
0.0,0.0,0.0,0.0,0.0,0.0,0.0,0.0,0.0,0.0
0.0,0.04878048780487805,0.0,0.0,0.0,0.0,0.024390243902439025,0.024390243902439025,0.0,0.0
0.0,0.05,0.0,0.0,0.0,0.0,0.0,0.0,0.05,0.0
1.0,0.0,1.0,0.0,0.0,0.0,0.0,0.0,0.0,1.0
0.3333333333333333,0.0,0.3333333333333333,0.3333333333333333,0.0,0.3333333333333333,0.0,0.0,0.0,0.3333333333333333
0.0,0.0,0.0,0.0,0.0,0.0,0.0,0.0,0.125,0.0
0.1,0.1,0.1,0.1,0.0,0.1,0.0,0.0,0.0,0.1
0.0,0.0,0.0,0.0,0.0,0.0,0.0,0.0,0.0,0.0
0.0,0.01904761904761905,0.009523809523809525,0.009523809523809525,0.02857142857142857,0.0,0.0,0.047619047619047616,0.0380952380952381,0.0380952380952381
0.013157894736842105,0.013157894736842105,0.02631578947368421,0.02631578947368421,0.013157894736842105,0.013157894736842105,0.0,0.0,0.013157894736842105,0.039473684210526314
0.0,0.0,0.0,0.0,0.0,0.0,0.0,0.0,0.0,0.0
0.0,0.038461538461538464,0.0,0.0,0.038461538461538464,0.0,0.0,0.038461538461538464,0.038461538461538464,0.0
0.014925373134328358,0.01824212271973466,0.008291873963515755,0.009950248756218905,0.01824212271973466,0.013266998341625208,0.006633499170812604,0.024875621890547265,0.03482587064676617,0.029850746268656716
0.0,0.0,0.0,0.0,0.0,0.0,0.0,0.0,0.0,0.0
0.015463917525773196,0.015463917525773196,0.015463917525773196,0.010309278350515464,0.020618556701030927,0.010309278350515464,0.020618556701030927,0.030927835051546393,0.030927835051546393,0.041237113402061855
0.011278195488721804,0.03007518796992481,0.007518796992481203,0.007518796992481203,0.011278195488721804,0.011278195488721804,0.022556390977443608,0.018796992481203006,0.03759398496240601,0.02631578947368421
0.045454545454545456,0.0,0.0,0.0,0.0,0.0,0.0,0.0,0.0,0.045454545454545456
0.05555555555555555,0.1111111111111111,0.05555555555555555,0.0,0.1111111111111111,0.0,0.05555555555555555,0.1111111111111111,0.2222222222222222,0.1111111111111111
0.007650273224043716,0.022950819672131147,0.008743169398907104,0.015300546448087432,0.015300546448087432,0.012021857923497269,0.00546448087431694,0.025136612021857924,0.029508196721311476,0.025136612021857924
0.021439509954058193,0.022970903522205207,0.009188361408882083,0.013782542113323124,0.019908116385911178,0.007656967840735069,0.019908116385911178,0.0444104134762634,0.030627871362940276,0.055130168453292494
0.0,0.0,0.0,0.0,0.0,0.0,0.0,0.0,0.0,1.0
0.005494505494505495,0.038461538461538464,0.005494505494505495,0.016483516483516484,0.03296703296703297,0.01098901098901099,0.005494505494505495,0.027472527472527472,0.054945054945054944,0.02197802197802198
0.0,0.08108108108108109,0.0,0.0,0.05405405405405406,0.0,0.0,0.02702702702702703,0.08108108108108109,0.05405405405405406
0.0,0.0,0.0,0.0,0.0,0.0,0.0,0.0,0.16666666666666666,0.0
0.025,0.0,0.05,0.075,0.0,0.0,0.0,0.0,0.0,0.075
0.017857142857142856,0.03571428571428571,0.05357142857142857,0.0,0.017857142857142856,0.0,0.0,0.0,0.017857142857142856,0.05357142857142857
0.0,0.0,0.07692307692307693,0.07692307692307693,0.0,0.0,0.0,0.0,0.038461538461538464,0.07692307692307693
0.06060606060606061,0.06060606060606061,0.030303030303030304,0.030303030303030304,0.09090909090909091,0.030303030303030304,0.030303030303030304,0.030303030303030304,0.09090909090909091,0.030303030303030304
0.01282051282051282,0.01282051282051282,0.0,0.01282051282051282,0.02564102564102564,0.01282051282051282,0.01282051282051282,0.02564102564102564,0.038461538461538464,0.0641025641025641
0.0,0.0,0.0,0.0,0.0,0.0,0.0,0.0,0.0,0.0
0.024390243902439025,0.12195121951219512,0.0,0.0,0.04878048780487805,0.0,0.024390243902439025,0.04878048780487805,0.04878048780487805,0.024390243902439025
1.0,0.0,1.0,0.0,0.0,0.0,0.0,0.0,0.0,1.0
0.0,0.03305785123966942,0.0,0.0,0.008264462809917356,0.0,0.0,0.008264462809917356,0.01652892561983471,0.008264462809917356
0.25,0.0,0.25,0.25,0.0,0.25,0.0,0.0,0.0,0.25
0.010582010582010581,0.026455026455026454,0.0,0.005291005291005291,0.026455026455026454,0.0,0.015873015873015872,0.026455026455026454,0.047619047619047616,0.010582010582010581
0.0,0.02,0.0,0.0,0.0,0.0,0.0,0.02,0.06,0.0
0.0625,0.0,0.0,0.0625,0.03125,0.0,0.0,0.0,0.03125,0.0625
0.0,0.02030456852791878,0.0,0.0,0.015228426395939087,0.005076142131979695,0.01015228426395939,0.03553299492385787,0.06598984771573604,0.005076142131979695
0.0,0.0,0.0,0.0,0.0,0.0,0.0,0.0,0.0,0.0
0.0,0.05357142857142857,0.017857142857142856,0.05357142857142857,0.017857142857142856,0.03571428571428571,0.0,0.017857142857142856,0.03571428571428571,0.05357142857142857
0.0,0.16666666666666666,0.0,0.0,0.0,0.0,0.0,0.0,0.0,0.16666666666666666
0.020833333333333332,0.0,0.041666666666666664,0.0,0.020833333333333332,0.020833333333333332,0.0,0.020833333333333332,0.020833333333333332,0.041666666666666664
0.007978723404255319,0.018617021276595744,0.007978723404255319,0.018617021276595744,0.018617021276595744,0.007978723404255319,0.013297872340425532,0.0398936170212766,0.04521276595744681,0.05053191489361702
0.125,0.0,0.125,0.125,0.0,0.125,0.0,0.0,0.0,0.125
0.018518518518518517,0.018518518518518517,0.018518518518518517,0.018518518518518517,0.018518518518518517,0.0,0.018518518518518517,0.018518518518518517,0.037037037037037035,0.037037037037037035
0.0,0.0,0.0,0.0,0.0,0.0,0.0,0.0,0.0,0.0
0.007462686567164179,0.03731343283582089,0.022388059701492536,0.014925373134328358,0.007462686567164179,0.022388059701492536,0.007462686567164179,0.007462686567164179,0.014925373134328358,0.05223880597014925
0.0,0.0449438202247191,0.02247191011235955,0.02247191011235955,0.0,0.0,0.011235955056179775,0.02247191011235955,0.033707865168539325,0.02247191011235955
0.0,0.3333333333333333,0.0,0.0,0.3333333333333333,0.0,0.0,0.3333333333333333,0.3333333333333333,0.0
0.0,0.0,0.0,0.0,0.0,0.0,0.0,0.0,0.0,0.0
0.0,0.06521739130434782,0.0,0.0,0.0,0.0,0.0,0.0,0.08695652173913043,0.0
0.017857142857142856,0.07142857142857142,0.0,0.0,0.017857142857142856,0.0,0.017857142857142856,0.03571428571428571,0.05357142857142857,0.017857142857142856
0.0,0.0,0.0,0.0,0.0,0.0,0.0,0.0,0.0,0.14285714285714285
0.009345794392523364,0.056074766355140186,0.028037383177570093,0.028037383177570093,0.028037383177570093,0.018691588785046728,0.009345794392523364,0.06542056074766354,0.037383177570093455,0.056074766355140186
0.3333333333333333,0.0,0.3333333333333333,0.0,0.0,0.0,0.0,0.0,0.0,0.3333333333333333
0.008298755186721992,0.03319502074688797,0.004149377593360996,0.02074688796680498,0.016597510373443983,0.012448132780082987,0.004149377593360996,0.03319502074688797,0.029045643153526972,0.06224066390041494
0.0,0.045454545454545456,0.0,0.0,0.045454545454545456,0.0,0.0,0.045454545454545456,0.045454545454545456,0.0
0.0,0.0,0.0,0.0,0.0,0.0,0.0,0.0,0.0,0.07142857142857142
0.0,0.019230769230769232,0.0,0.0,0.0,0.0,0.0,0.019230769230769232,0.0,0.0
0.3333333333333333,0.0,0.3333333333333333,0.16666666666666666,0.16666666666666666,0.16666666666666666,0.0,0.16666666666666666,0.16666666666666666,0.3333333333333333
0.037037037037037035,0.037037037037037035,0.037037037037037035,0.037037037037037035,0.037037037037037035,0.037037037037037035,0.0,0.037037037037037035,0.037037037037037035,0.037037037037037035
0.0148975791433892,0.048417132216014895,0.0148975791433892,0.0111731843575419,0.024208566108007448,0.0074487895716946,0.0186219739292365,0.0297951582867784,0.035381750465549346,0.03165735567970205
0.0,0.0,0.0,0.0,0.0,0.0,0.0,0.0,0.0,0.0
0.0,0.0,0.0,0.0,0.0,0.0,0.0,0.0,0.0,0.0
0.07407407407407407,0.037037037037037035,0.07407407407407407,0.0,0.0,0.0,0.0,0.0,0.037037037037037035,0.1111111111111111
0.02127659574468085,0.02127659574468085,0.0,0.0,0.02127659574468085,0.0,0.02127659574468085,0.0425531914893617,0.02127659574468085,0.02127659574468085
0.0,0.0,0.0,0.0,0.0,0.0,0.0,0.09090909090909091,0.09090909090909091,0.0
0.0,0.0,0.0,0.0,0.0,0.0,0.0,0.0,0.0,0.0
0.0,0.025,0.0,0.0,0.025,0.0,0.025,0.075,0.05,0.0
0.0,0.0,0.0,0.0,0.0,0.0,0.0,0.0,0.0,0.10526315789473684
0.0,0.0,0.0,0.0,0.0,0.0,0.0,0.0,0.0,0.0
0.0,0.0,0.0,0.0,0.0,0.0,0.0,0.0,0.0,0.0
0.0,0.0,0.0,0.0,0.0,0.0,0.0,0.0,0.0,0.0
0.0,0.0,0.0,0.0,0.0,0.0,0.0,0.0,0.0,0.14285714285714285
0.0,0.023809523809523808,0.023809523809523808,0.023809523809523808,0.0,0.023809523809523808,0.0,0.0,0.047619047619047616,0.023809523809523808
0.0,0.0,0.0,0.0,0.0,0.0,0.0,0.0,0.0,0.1111111111111111
0.017543859649122806,0.03508771929824561,0.0,0.017543859649122806,0.0,0.017543859649122806,0.0,0.017543859649122806,0.0,0.03508771929824561
0.0,0.031914893617021274,0.0,0.0,0.031914893617021274,0.0,0.010638297872340425,0.05319148936170213,0.05319148936170213,0.0
0.0,0.0,0.0,0.0,0.0,0.0,0.0,0.0,0.0,0.0
0.0,0.0,0.0,0.0,0.0,0.0,0.0,0.0,0.0,0.0
0.009029345372460496,0.01580135440180587,0.009029345372460496,0.009029345372460496,0.011286681715575621,0.013544018058690745,0.004514672686230248,0.033860045146726865,0.033860045146726865,0.03160270880361174
0.0,0.0,0.0,0.0,0.0,0.0,0.0,0.0,0.0,0.0
0.0,0.0,0.0,0.0,0.0,0.0,0.0,0.0,0.0,0.0
0.004010695187165776,0.02540106951871658,0.008021390374331552,0.008021390374331552,0.016042780748663103,0.0,0.004010695187165776,0.0213903743315508,0.034759358288770054,0.0106951871657754
0.2,0.0,0.4,0.2,0.0,0.0,0.0,0.0,0.0,0.4
0.0,0.058823529411764705,0.0,0.058823529411764705,0.0,0.0,0.058823529411764705,0.058823529411764705,0.0,0.11764705882352941
0.002105263157894737,0.01263157894736842,0.002105263157894737,0.008421052631578947,0.00631578947368421,0.00631578947368421,0.004210526315789474,0.02526315789473684,0.02736842105263158,0.008421052631578947
0.0106951871657754,0.0427807486631016,0.0053475935828877,0.0,0.016042780748663103,0.0053475935828877,0.0053475935828877,0.0053475935828877,0.03208556149732621,0.026737967914438502
0.0,0.0,0.0,0.0,0.0,0.0,0.0,0.0,0.0,0.25
0.045454545454545456,0.0,0.045454545454545456,0.045454545454545456,0.0,0.045454545454545456,0.0,0.0,0.0,0.045454545454545456
0.006896551724137931,0.06206896551724138,0.013793103448275862,0.027586206896551724,0.034482758620689655,0.013793103448275862,0.013793103448275862,0.034482758620689655,0.06896551724137931,0.041379310344827586
0.0,0.06896551724137931,0.0,0.0,0.034482758620689655,0.0,0.0,0.04597701149425287,0.12643678160919541,0.022988505747126436
0.037037037037037035,0.0,0.037037037037037035,0.037037037037037035,0.0,0.037037037037037035,0.0,0.0,0.0,0.037037037037037035
0.0,0.0,0.0,0.0,0.0,0.0,0.0,0.0,0.0,0.0
0.0,0.0,0.0,0.0,0.0,0.0,0.0,0.0,0.0,0.0
0.0,0.0,0.0,0.0,0.0,0.0,0.0,0.0,0.0,0.0
0.0,0.0,0.0,0.0,0.0,0.0,0.0,0.0,0.0,0.09090909090909091
0.0,0.0,0.0,0.14285714285714285,0.0,0.14285714285714285,0.0,0.0,0.0,0.14285714285714285
0.0,0.0,0.0,0.0,0.0,0.0,0.0,0.0,0.0,0.0
0.058823529411764705,0.08823529411764706,0.058823529411764705,0.029411764705882353,0.058823529411764705,0.029411764705882353,0.0,0.029411764705882353,0.058823529411764705,0.058823529411764705
0.0,0.0,0.0,0.0,0.0,0.0,0.0,0.0,0.0,0.0
0.0,0.0,0.0,0.1111111111111111,0.0,0.1111111111111111,0.0,0.0,0.0,0.2222222222222222
0.09090909090909091,0.0,0.09090909090909091,0.0,0.0,0.0,0.0,0.0,0.0,0.09090909090909091
0.0,0.0,0.0,0.16666666666666666,0.0,0.16666666666666666,0.0,0.0,0.0,0.16666666666666666
0.037037037037037035,0.0,0.037037037037037035,0.037037037037037035,0.0,0.037037037037037035,0.0,0.0,0.0,0.037037037037037035
0.0,0.2,0.0,0.0,0.2,0.0,0.2,0.2,0.2,0.0
0.0,0.0,0.0,0.14285714285714285,0.0,0.0,0.0,0.0,0.0,0.2857142857142857
0.01818181818181818,0.0,0.01818181818181818,0.0,0.0,0.01818181818181818,0.0,0.0,0.01818181818181818,0.05454545454545454
0.037037037037037035,0.0,0.037037037037037035,0.037037037037037035,0.0,0.037037037037037035,0.0,0.037037037037037035,0.07407407407407407,0.1111111111111111
0.0,0.0,0.0,0.0,0.037037037037037035,0.0,0.0,0.07407407407407407,0.1111111111111111,0.0
0.0,0.05555555555555555,0.0,0.0,0.05555555555555555,0.0,0.05555555555555555,0.05555555555555555,0.05555555555555555,0.0
0.08333333333333333,0.08333333333333333,0.16666666666666666,0.16666666666666666,0.0,0.16666666666666666,0.08333333333333333,0.0,0.0,0.16666666666666666
0.0,0.0,0.0,0.05263157894736842,0.0,0.05263157894736842,0.0,0.0,0.0,0.05263157894736842
0.008968609865470852,0.01943198804185351,0.0037369207772795215,0.014200298953662182,0.017937219730941704,0.014947683109118086,0.011210762331838564,0.03288490284005979,0.045590433482810166,0.032137518684603884
0.0,0.08333333333333333,0.0,0.0,0.0,0.0,0.0,0.0,0.0,0.16666666666666666
0.0,0.0,0.0,0.2,0.0,0.0,0.0,0.0,0.0,0.0
0.023255813953488372,0.011627906976744186,0.05813953488372093,0.046511627906976744,0.0,0.046511627906976744,0.0,0.0,0.023255813953488372,0.13953488372093023
0.013605442176870748,0.047619047619047616,0.02040816326530612,0.013605442176870748,0.013605442176870748,0.02040816326530612,0.013605442176870748,0.02040816326530612,0.047619047619047616,0.04081632653061224
0.045454545454545456,0.0,0.045454545454545456,0.0,0.0,0.0,0.0,0.0,0.045454545454545456,0.09090909090909091
0.0,0.0,0.0,0.0,0.0,0.0,0.0,0.0,0.0,0.0
0.0625,0.0,0.0625,0.0,0.0,0.0,0.0,0.0,0.0,0.0625
0.0,0.0,0.0,0.0,0.0,0.0,0.0,0.0,0.0,0.0
0.0,0.0,0.0,0.0,0.0,0.0,0.0,0.0,0.0,0.0
0.25,0.0,0.25,0.25,0.0,0.25,0.0,0.0,0.0,0.25
0.0,0.3333333333333333,0.0,0.0,0.3333333333333333,0.0,0.0,0.0,0.3333333333333333,0.0
0.058823529411764705,0.0,0.058823529411764705,0.058823529411764705,0.0,0.058823529411764705,0.0,0.0,0.058823529411764705,0.11764705882352941
0.0,0.0,0.0,0.0,0.0,0.0,0.0,0.0,0.0,0.0
0.0,0.0,0.0,0.05,0.0,0.0,0.0,0.1,0.1,0.05
0.046153846153846156,0.06153846153846154,0.046153846153846156,0.015384615384615385,0.03076923076923077,0.015384615384615385,0.0,0.015384615384615385,0.046153846153846156,0.07692307692307693
0.0,0.0,0.0,0.0,0.0,0.0,0.0,0.0,0.0,0.0
0.008695652173913044,0.034782608695652174,0.0,0.02608695652173913,0.017391304347826087,0.017391304347826087,0.008695652173913044,0.017391304347826087,0.02608695652173913,0.034782608695652174
0.0,0.02564102564102564,0.0,0.0,0.02564102564102564,0.0,0.02564102564102564,0.02564102564102564,0.02564102564102564,0.0
0.0,0.0,0.0,0.0,0.0,0.0,0.0,0.0,0.0,0.0
0.0,0.0,0.0,0.0,0.0,0.0,0.0,0.0,0.0,0.0
0.0,0.0,0.0,0.0,0.0,0.0,0.0,0.0,0.0,0.0
0.0,0.0,0.0,0.0,0.0,0.041666666666666664,0.0,0.08333333333333333,0.0,0.041666666666666664
0.02702702702702703,0.0,0.0,0.02702702702702703,0.02702702702702703,0.02702702702702703,0.0,0.0,0.02702702702702703,0.05405405405405406
0.0,0.0,0.0,0.0,0.0,0.0,0.0,0.0,0.0,0.0
0.017857142857142856,0.0,0.008928571428571428,0.017857142857142856,0.0,0.008928571428571428,0.0,0.0,0.03571428571428571,0.026785714285714284
0.0,0.037267080745341616,0.006211180124223602,0.006211180124223602,0.012422360248447204,0.0,0.0,0.018633540372670808,0.024844720496894408,0.012422360248447204
0.0,0.018867924528301886,0.0,0.0,0.0,0.0,0.0,0.0,0.03773584905660377,0.0
0.0,0.0,0.0,0.0,0.0,0.0,0.0,0.0,0.0,0.5
0.0,0.0,0.0,0.0,0.04,0.0,0.0,0.0,0.04,0.04
0.09090909090909091,0.18181818181818182,0.0,0.09090909090909091,0.18181818181818182,0.0,0.0,0.09090909090909091,0.2727272727272727,0.09090909090909091
0.16666666666666666,0.0,0.16666666666666666,0.0,0.0,0.0,0.0,0.0,0.0,0.16666666666666666
0.04878048780487805,0.0,0.04878048780487805,0.024390243902439025,0.024390243902439025,0.04878048780487805,0.0,0.024390243902439025,0.024390243902439025,0.07317073170731707
0.0228310502283105,0.0182648401826484,0.0365296803652968,0.0182648401826484,0.0273972602739726,0.0136986301369863,0.0,0.0136986301369863,0.0365296803652968,0.0410958904109589
0.010416666666666666,0.020833333333333332,0.010416666666666666,0.020833333333333332,0.010416666666666666,0.020833333333333332,0.010416666666666666,0.03125,0.03125,0.041666666666666664
0.0,0.026785714285714284,0.0,0.0,0.008928571428571428,0.0,0.0,0.008928571428571428,0.017857142857142856,0.008928571428571428
0.0,0.05194805194805195,0.0,0.0,0.05194805194805195,0.0,0.03896103896103896,0.03896103896103896,0.05194805194805195,0.05194805194805195
0.008450704225352112,0.016901408450704224,0.0028169014084507044,0.011267605633802818,0.011267605633802818,0.0028169014084507044,0.011267605633802818,0.016901408450704224,0.036619718309859155,0.01971830985915493
0.09090909090909091,0.0,0.09090909090909091,0.09090909090909091,0.0,0.09090909090909091,0.0,0.0,0.0,0.09090909090909091
0.0,0.0,0.0,0.0,0.1,0.0,0.0,0.1,0.1,0.0
0.005747126436781609,0.028735632183908046,0.005747126436781609,0.005747126436781609,0.017241379310344827,0.005747126436781609,0.005747126436781609,0.031609195402298854,0.03735632183908046,0.02586206896551724
0.0,0.0,0.0,0.0,0.0,0.0,0.0,0.0,0.0,0.0
0.0,0.0,0.0,0.0,0.0,0.0,0.0,0.0,0.0,0.0
0.1,0.1,0.1,0.1,0.1,0.1,0.2,0.1,0.1,0.1
0.0,0.0,0.0,0.02702702702702703,0.0,0.02702702702702703,0.0,0.0,0.0,0.02702702702702703
1.0,0.0,1.0,0.0,0.0,0.0,0.0,0.0,0.0,1.0
0.0,0.0,0.0,0.0,0.0,0.0,0.0,0.0,0.0,0.0
0.022727272727272728,0.0,0.0,0.022727272727272728,0.0,0.022727272727272728,0.0,0.0,0.022727272727272728,0.045454545454545456
0.0,0.037037037037037035,0.0,0.037037037037037035,0.037037037037037035,0.037037037037037035,0.0,0.0,0.037037037037037035,0.037037037037037035
0.0,0.0,0.0,0.0,0.0,0.0,0.0,0.0,0.0,0.0
0.0,0.0,0.0,0.0,0.0,0.0,0.0,0.0,0.0,0.0
0.0,0.058823529411764705,0.0,0.0,0.058823529411764705,0.0,0.0,0.058823529411764705,0.058823529411764705,0.0
0.004705882352941176,0.04,0.002352941176470588,0.011764705882352941,0.03294117647058824,0.002352941176470588,0.002352941176470588,0.058823529411764705,0.07294117647058823,0.011764705882352941
0.04,0.08,0.04,0.04,0.0,0.04,0.04,0.0,0.04,0.08
0.0,0.0,0.0,0.0,0.0,0.0,0.0,0.0,0.0,0.0
0.0,0.0,0.0,0.0,0.0,0.0,0.0,0.02702702702702703,0.05405405405405406,0.0
0.0,0.0,0.0,0.0,0.07142857142857142,0.07142857142857142,0.0,0.0,0.07142857142857142,0.07142857142857142
0.0,0.0,0.0,0.0,0.0,0.0,0.0,0.0,0.0,0.0
0.5,0.0,0.5,0.0,0.0,0.0,0.0,0.0,0.0,0.5
0.0,0.017241379310344827,0.0,0.0,0.017241379310344827,0.0,0.0,0.017241379310344827,0.017241379310344827,0.0
0.0,0.14285714285714285,0.0,0.0,0.07142857142857142,0.0,0.07142857142857142,0.07142857142857142,0.07142857142857142,0.0
0.0,0.0,0.0,0.0,0.0,0.0,0.0,0.0,0.03225806451612903,0.03225806451612903
0.0,0.07575757575757576,0.0,0.015151515151515152,0.030303030303030304,0.0,0.030303030303030304,0.045454545454545456,0.07575757575757576,0.06060606060606061
0.013333333333333334,0.022222222222222223,0.008888888888888889,0.024444444444444446,0.015555555555555555,0.011111111111111112,0.0044444444444444444,0.02666666666666667,0.042222222222222223,0.03777777777777778
0.0392156862745098,0.0196078431372549,0.0196078431372549,0.0392156862745098,0.0196078431372549,0.0196078431372549,0.0196078431372549,0.0392156862745098,0.0392156862745098,0.09803921568627451
0.0,0.0,0.0,0.0,0.14285714285714285,0.0,0.0,0.14285714285714285,0.14285714285714285,0.0
0.0,0.047619047619047616,0.0,0.0,0.0,0.0,0.0,0.0,0.047619047619047616,0.047619047619047616
0.013513513513513514,0.01891891891891892,0.005405405405405406,0.016216216216216217,0.010810810810810811,0.005405405405405406,0.002702702702702703,0.01891891891891892,0.024324324324324326,0.032432432432432434
0.0,0.0,0.0,0.0,0.0,0.0,0.0,0.0,0.3333333333333333,0.0
0.0,0.0,0.0,0.0,0.0,0.0,0.0,0.0,0.0,0.0
0.011111111111111112,0.06666666666666667,0.03333333333333333,0.044444444444444446,0.03333333333333333,0.011111111111111112,0.022222222222222223,0.022222222222222223,0.03333333333333333,0.03333333333333333
0.0,0.0,0.0,0.0,0.0,0.0,0.0,0.0,0.0,0.06060606060606061
0.01675977653631285,0.027932960893854747,0.0,0.0111731843575419,0.0111731843575419,0.0,0.0223463687150838,0.027932960893854747,0.03910614525139665,0.01675977653631285
0.05263157894736842,0.021052631578947368,0.021052631578947368,0.042105263157894736,0.010526315789473684,0.06315789473684211,0.010526315789473684,0.042105263157894736,0.010526315789473684,0.08421052631578947
0.0,0.0,0.0,0.0,0.0,0.0,0.0,0.0,0.0,0.09090909090909091
0.012711864406779662,0.05084745762711865,0.00847457627118644,0.0211864406779661,0.025423728813559324,0.00847457627118644,0.012711864406779662,0.038135593220338986,0.0635593220338983,0.038135593220338986
0.01015228426395939,0.03299492385786802,0.01015228426395939,0.015228426395939087,0.025380710659898477,0.015228426395939087,0.017766497461928935,0.03807106598984772,0.048223350253807105,0.03553299492385787
0.0,0.0,0.0,0.0,0.0,0.0,0.0,0.0,0.0,0.0
0.011494252873563218,0.05172413793103448,0.005747126436781609,0.017241379310344827,0.017241379310344827,0.011494252873563218,0.011494252873563218,0.028735632183908046,0.022988505747126436,0.022988505747126436
0.0,0.16666666666666666,0.0,0.0,0.0,0.0,0.0,0.0,0.0,0.0
0.01646090534979424,0.03292181069958848,0.01646090534979424,0.03292181069958848,0.02880658436213992,0.024691358024691357,0.012345679012345678,0.0205761316872428,0.037037037037037035,0.037037037037037035
0.019021739130434784,0.021739130434782608,0.019021739130434784,0.029891304347826088,0.010869565217391304,0.016304347826086956,0.005434782608695652,0.029891304347826088,0.03260869565217391,0.03804347826086957
0.022641509433962263,0.026415094339622643,0.026415094339622643,0.018867924528301886,0.01509433962264151,0.011320754716981131,0.007547169811320755,0.03018867924528302,0.03773584905660377,0.06415094339622641
0.0,0.0,0.0,0.0,0.0,0.0,0.0,0.0,0.0,0.0
0.0,0.0,0.0,0.0,0.0,0.0,0.0,0.0,0.0,0.0
0.004073319755600814,0.018329938900203666,0.004073319755600814,0.004073319755600814,0.010183299389002037,0.002036659877800407,0.006109979633401222,0.018329938900203666,0.032586558044806514,0.02240325865580448
0.3333333333333333,0.0,0.3333333333333333,0.3333333333333333,0.0,0.3333333333333333,0.0,0.0,0.0,0.3333333333333333
0.0,0.0,0.09090909090909091,0.09090909090909091,0.0,0.0,0.0,0.0,0.0,0.09090909090909091
0.14285714285714285,0.14285714285714285,0.0,0.07142857142857142,0.0,0.07142857142857142,0.0,0.0,0.0,0.14285714285714285
0.1,0.1,0.1,0.1,0.1,0.1,0.0,0.0,0.1,0.1
0.0,0.18181818181818182,0.0,0.0,0.09090909090909091,0.0,0.09090909090909091,0.09090909090909091,0.09090909090909091,0.0
0.011583011583011582,0.04633204633204633,0.003861003861003861,0.011583011583011582,0.015444015444015444,0.015444015444015444,0.015444015444015444,0.023166023166023165,0.03474903474903475,0.04247104247104247
0.004807692307692308,0.014423076923076924,0.004807692307692308,0.004807692307692308,0.0,0.004807692307692308,0.0,0.004807692307692308,0.028846153846153848,0.03365384615384615
0.0,0.0,0.0,0.0,0.0,0.0,0.0,0.0,0.0,0.0
0.0,0.0,0.018867924528301886,0.018867924528301886,0.0,0.03773584905660377,0.0,0.018867924528301886,0.018867924528301886,0.09433962264150944
0.009345794392523364,0.018691588785046728,0.0,0.018691588785046728,0.009345794392523364,0.018691588785046728,0.009345794392523364,0.009345794392523364,0.018691588785046728,0.028037383177570093
0.0,0.0,0.0,0.0,0.0,0.0,0.0,0.0,0.0,0.08333333333333333
0.0,0.0,0.0,0.0,0.0,0.0,0.0,0.0,0.0,0.0
0.006514657980456026,0.03908794788273615,0.003257328990228013,0.006514657980456026,0.019543973941368076,0.013029315960912053,0.013029315960912053,0.03257328990228013,0.03908794788273615,0.02280130293159609
0.0,0.0,0.0,0.0,0.0,0.0,0.0,0.0,0.0,0.0
0.02631578947368421,0.02631578947368421,0.02631578947368421,0.0,0.0,0.02631578947368421,0.0,0.0,0.0,0.05263157894736842
0.0,0.0,0.0,0.0,0.0,0.0,0.0,0.0,0.0,0.0
0.0,0.0,0.0,0.030303030303030304,0.0,0.030303030303030304,0.0,0.0,0.06060606060606061,0.09090909090909091
0.00683371298405467,0.02050113895216401,0.009111617312072893,0.03416856492027335,0.025056947608200455,0.02050113895216401,0.011389521640091117,0.03416856492027335,0.04328018223234624,0.0387243735763098
0.07692307692307693,0.0,0.11538461538461539,0.11538461538461539,0.0,0.07692307692307693,0.0,0.0,0.038461538461538464,0.11538461538461539
0.02631578947368421,0.013157894736842105,0.0,0.039473684210526314,0.013157894736842105,0.02631578947368421,0.013157894736842105,0.039473684210526314,0.02631578947368421,0.09210526315789473
0.0,0.0,0.3333333333333333,0.0,0.0,0.3333333333333333,0.0,0.0,0.0,0.3333333333333333
0.02608695652173913,0.043478260869565216,0.017391304347826087,0.034782608695652174,0.017391304347826087,0.017391304347826087,0.017391304347826087,0.008695652173913044,0.043478260869565216,0.043478260869565216
0.0,0.0,0.045454545454545456,0.09090909090909091,0.0,0.09090909090909091,0.0,0.0,0.0,0.09090909090909091
0.006872852233676976,0.03436426116838488,0.010309278350515464,0.003436426116838488,0.024054982817869417,0.01718213058419244,0.020618556701030927,0.024054982817869417,0.044673539518900345,0.048109965635738834
0.023255813953488372,0.01937984496124031,0.015503875968992248,0.023255813953488372,0.01937984496124031,0.023255813953488372,0.015503875968992248,0.031007751937984496,0.03488372093023256,0.046511627906976744
0.0,0.0,0.0,0.0,0.0,0.013888888888888888,0.0,0.013888888888888888,0.013888888888888888,0.06944444444444445
0.006666666666666667,0.05333333333333334,0.013333333333333334,0.02,0.0,0.02,0.0,0.04,0.013333333333333334,0.04
0.0,0.0,0.0,0.0,0.0,0.0,0.125,0.0,0.0,0.0
0.0,0.013888888888888888,0.013888888888888888,0.027777777777777776,0.013888888888888888,0.041666666666666664,0.013888888888888888,0.013888888888888888,0.041666666666666664,0.06944444444444445
0.0,0.046511627906976744,0.023255813953488372,0.023255813953488372,0.023255813953488372,0.0,0.0,0.0,0.023255813953488372,0.023255813953488372
0.00510204081632653,0.027210884353741496,0.011904761904761904,0.01870748299319728,0.011904761904761904,0.015306122448979591,0.006802721088435374,0.02891156462585034,0.05102040816326531,0.025510204081632654
0.0,0.0,0.0,0.5,0.0,0.0,0.0,0.0,0.0,0.0
0.0,0.0,0.06666666666666667,0.0,0.0,0.06666666666666667,0.0,0.0,0.0,0.13333333333333333
0.036585365853658534,0.012195121951219513,0.036585365853658534,0.012195121951219513,0.024390243902439025,0.012195121951219513,0.0,0.024390243902439025,0.024390243902439025,0.024390243902439025
0.0,0.05194805194805195,0.0,0.0,0.012987012987012988,0.0,0.012987012987012988,0.025974025974025976,0.07792207792207792,0.0
0.0,0.10256410256410256,0.0,0.02564102564102564,0.0,0.0,0.0,0.02564102564102564,0.07692307692307693,0.05128205128205128
0.0,0.0,0.0,0.0,0.0,0.0,0.0,0.058823529411764705,0.0,0.0
0.0,0.0,0.0,0.0,0.0,0.0,0.0,0.0,0.0,0.07692307692307693
0.017814726840855107,0.02494061757719715,0.007125890736342043,0.019002375296912115,0.019002375296912115,0.011876484560570071,0.0059382422802850355,0.026128266033254157,0.03681710213776722,0.04156769596199525
0.0,0.07692307692307693,0.0,0.0,0.07692307692307693,0.0,0.0,0.07692307692307693,0.07692307692307693,0.0
0.0,0.0,0.0,0.04,0.0,0.04,0.0,0.0,0.0,0.04
0.0,0.0,0.0,0.0,0.0,0.0,0.0,0.0,0.0,0.0
0.5,0.0,0.5,0.0,0.0,0.0,0.0,0.0,0.0,0.5
0.08333333333333333,0.0,0.08333333333333333,0.0,0.0,0.0,0.0,0.0,0.0,0.08333333333333333
0.0,0.09090909090909091,0.0,0.0,0.09090909090909091,0.0,0.0,0.09090909090909091,0.13636363636363635,0.0
0.0,0.04878048780487805,0.0,0.0,0.0,0.0,0.0,0.0,0.04878048780487805,0.0
0.0,0.0,0.0,0.02631578947368421,0.0,0.02631578947368421,0.0,0.02631578947368421,0.0,0.05263157894736842
0.25,0.0,0.25,0.0,0.0,0.0,0.0,0.0,0.0,0.25
0.0,0.15789473684210525,0.0,0.0,0.10526315789473684,0.0,0.05263157894736842,0.05263157894736842,0.15789473684210525,0.05263157894736842
0.017985611510791366,0.039568345323741004,0.017985611510791366,0.02877697841726619,0.02158273381294964,0.02158273381294964,0.007194244604316547,0.02158273381294964,0.0539568345323741,0.0539568345323741
0.0,0.0,0.0,0.0,0.0,0.0,0.0,0.0,0.0,0.047619047619047616
0.0,0.0,0.0196078431372549,0.0,0.0,0.0,0.0,0.0,0.0196078431372549,0.0196078431372549
0.0,0.058823529411764705,0.0,0.058823529411764705,0.0,0.058823529411764705,0.0,0.0,0.058823529411764705,0.058823529411764705
0.004540295119182747,0.015891032917139614,0.012485811577752554,0.01362088535754824,0.011350737797956867,0.007945516458569807,0.00681044267877412,0.026106696935300794,0.032917139614074914,0.02724177071509648
0.00423728813559322,0.038135593220338986,0.0,0.00847457627118644,0.03389830508474576,0.00847457627118644,0.012711864406779662,0.0635593220338983,0.0635593220338983,0.012711864406779662
0.01282051282051282,0.01282051282051282,0.02564102564102564,0.01282051282051282,0.01282051282051282,0.02564102564102564,0.0,0.01282051282051282,0.01282051282051282,0.038461538461538464
0.0,0.0,0.0,0.16666666666666666,0.0,0.16666666666666666,0.0,0.0,0.0,0.16666666666666666
0.0,0.05714285714285714,0.014285714285714285,0.014285714285714285,0.0,0.02857142857142857,0.0,0.02857142857142857,0.07142857142857142,0.07142857142857142
0.18181818181818182,0.0,0.18181818181818182,0.18181818181818182,0.0,0.09090909090909091,0.0,0.0,0.0,0.18181818181818182
0.0,0.0,0.0,0.0,0.0,0.0,0.0,0.0,0.0,0.0
0.0,0.05555555555555555,0.0,0.05555555555555555,0.0,0.1111111111111111,0.0,0.05555555555555555,0.0,0.1111111111111111
0.0,0.14285714285714285,0.0,0.14285714285714285,0.0,0.14285714285714285,0.0,0.0,0.0,0.14285714285714285
0.0,0.2,0.0,0.0,0.0,0.0,0.0,0.0,0.0,0.0
0.0,0.0,0.0,0.0,0.0,0.0,0.0,0.0,0.0,0.0
0.0,0.0,0.0,0.0,0.0,0.0,0.0,0.0,0.0,0.0
0.022222222222222223,0.044444444444444446,0.0,0.022222222222222223,0.022222222222222223,0.022222222222222223,0.0,0.0,0.044444444444444446,0.06666666666666667
0.0,0.0,0.0,0.0,0.0,0.0,0.0,0.058823529411764705,0.058823529411764705,0.0
0.0,0.020833333333333332,0.0,0.020833333333333332,0.020833333333333332,0.020833333333333332,0.0,0.0,0.041666666666666664,0.020833333333333332
0.0,0.16666666666666666,0.0,0.0,0.08333333333333333,0.0,0.08333333333333333,0.08333333333333333,0.08333333333333333,0.0
0.0,0.047619047619047616,0.0,0.023809523809523808,0.047619047619047616,0.023809523809523808,0.023809523809523808,0.023809523809523808,0.047619047619047616,0.023809523809523808
0.0,0.0,0.0,0.0,0.0,0.0,0.0,0.06666666666666667,0.06666666666666667,0.0
0.0,0.0,0.0,0.0,0.0,0.0,0.0,0.0,0.0,0.09090909090909091
0.0,0.0,0.0,0.0,0.0,0.0,0.0,0.06666666666666667,0.06666666666666667,0.0
0.0,0.0,0.0,0.0,0.0,0.0,0.0,0.0,0.0,0.0
0.04,0.08,0.0,0.04,0.04,0.04,0.04,0.04,0.04,0.04
0.0,0.0,0.0,0.0,0.0,0.0,0.0,0.0,0.0,0.0
0.0,0.020833333333333332,0.0,0.0,0.08333333333333333,0.0,0.0,0.0625,0.10416666666666667,0.0
0.0,0.0,0.0,0.0,0.0,0.0,0.0,0.0,0.0,0.2
0.0,0.0,0.0,0.0,0.0,0.0,0.0,0.0,0.0,0.0
0.0,0.0,0.0,0.0,0.0,0.0,0.0,0.0,0.0,0.0
0.0,0.0,0.0,0.0,0.0,0.0,0.0,0.0,0.0,0.0
0.045454545454545456,0.045454545454545456,0.045454545454545456,0.045454545454545456,0.045454545454545456,0.045454545454545456,0.045454545454545456,0.0,0.045454545454545456,0.045454545454545456
0.0,0.014084507042253521,0.014084507042253521,0.014084507042253521,0.0,0.014084507042253521,0.0,0.014084507042253521,0.0,0.028169014084507043
0.0,0.2,0.0,0.0,0.2,0.0,0.0,0.0,0.2,0.0
0.0,0.0,0.0,0.0,0.047619047619047616,0.0,0.0,0.0,0.047619047619047616,0.047619047619047616
0.0,0.015625,0.0,0.0,0.015625,0.0,0.0,0.015625,0.0625,0.015625
0.0,0.0,0.0,0.0,0.0,0.0,0.0,0.0,0.0,0.0
0.006711409395973154,0.03355704697986577,0.006711409395973154,0.013422818791946308,0.020134228187919462,0.006711409395973154,0.013422818791946308,0.026845637583892617,0.03355704697986577,0.026845637583892617
